annotation_id,condition,gold_status,gold_icd9_code,gold_icd9_label,annotation_note,evaluation_scope
ICD-000,polmonite bilaterale,code,486,"Polmonite, organismo non specificato","Bilateral pneumonia is mapped to 486.0 (pneumonia, unspecified organism); no etiology is stated in the source.",term_level_linking_and_nil_detection
ICD-001,disfunzione ventricolare sinistra,insufficient_context,,Disfunzione ventricolare sinistra: tipo/eziologia non specificati,Left-ventricular dysfunction is left NIL because its type and etiology are not specified.,term_level_linking_and_nil_detection
ICD-002,miocardite,code,429.0,"Miocardite, non specificata","Myocarditis is mapped to 429.0 (myocarditis, unspecified); no specific etiology is stated.",term_level_linking_and_nil_detection
ICD-003,carcinoma vescicale,code,188.9,"Tumore maligno della vescica, parte non specificata","Bladder carcinoma is mapped to 188.9 (malignant neoplasm of the bladder, unspecified); in-situ status is not established.",term_level_linking_and_nil_detection
ICD-004,colangie biliare primitiva,code,571.6,Cirrosi biliare / colangite biliare primitiva,Primary biliary cholangitis is mapped to 571.6 (biliary cirrhosis / primary biliary cholangitis).,term_level_linking_and_nil_detection
ICD-005,dolorabilita osteoarticolare,not_codable_as_diagnosis,,"Dolorabilità osteoarticolare, sede non specificata","Osteoarticular tenderness is a symptom, not a diagnosis, so it is left NIL.",term_level_linking_and_nil_detection
ICD-006,ipoacusia bilaterale,code,389.9,Ipoacusia non specificata,Bilateral hearing loss is mapped to 389.9 (unspecified hearing loss).,term_level_linking_and_nil_detection
ICD-007,ostruttiva severa bivasale,insufficient_fragment,,Frammento privo della testa diagnostica,"This fragment lacks the diagnostic head and cannot be coded reliably in isolation, so it is left NIL.",term_level_linking_and_nil_detection
ICD-008,difetto atrioventricolare parziale,code,745.6,Difetto del cuscinetto endocardico / difetto atrioventricolare,Partial atrioventricular (endocardial-cushion) defect is mapped to 745.6.,term_level_linking_and_nil_detection
ICD-009,celiaca,code,579.0,Malattia celiaca,ICD-9-CM 579.0 represents celiac disease.,term_level_linking_and_nil_detection
ICD-010,malacia tracheobronchiale,code,519.19,Altre malattie della trachea e dei bronchi,"Tracheobronchomalacia is mapped to 519.19 (other diseases of trachea and bronchi), the closest available category.",term_level_linking_and_nil_detection
ICD-011,scompenso cardiaco acuto de novo,code,428.0,Insufficienza cardiaca congestizia,Acute de-novo heart failure is mapped to the broad 428.0 (congestive heart failure); ICD-9 does not preserve the acuity detail.,term_level_linking_and_nil_detection
ICD-012,AOUP,non_condition,,Acronimo di organizzazione,"AOUP is an organization acronym, not a diagnosis, so it is left NIL.",term_level_linking_and_nil_detection
ICD-013,ematuria,code,599.7,Ematuria,ICD-9-CM 599.7 represents hematuria.,term_level_linking_and_nil_detection
ICD-014,cardiopatia ischemica,code,414.9,Cardiopatia ischemica cronica non specificata,"Ischemic heart disease is mapped to 414.9 (chronic ischemic heart disease, unspecified).",term_level_linking_and_nil_detection
ICD-015,Asintomatico,non_condition,,Asintomatico non è una diagnosi,"'Asintomatico' (asymptomatic) is not a diagnosis, so it is left NIL.",term_level_linking_and_nil_detection
ICD-016,lieve disartria,code,784.51,Disartria,ICD-9-CM 784.51 represents dysarthria.,term_level_linking_and_nil_detection
ICD-017,disorientamento,code,780.97,Alterazione dello stato mentale / disorientamento,Disorientation is mapped to 780.97 (altered mental status / disorientation).,term_level_linking_and_nil_detection
ICD-018,eruzioni cutanee,code,782.1,Eruzione cutanea,Skin eruption is mapped to 782.1 (rash and other nonspecific skin eruption).,term_level_linking_and_nil_detection
ICD-019,stenosi critica al tratto medio e prossimale di arteria interventricolare anteriore,code,414.01,Aterosclerosi coronarica di arteria coronaria nativa,Native-coronary-artery stenosis is mapped to 414.01 (coronary atherosclerosis of native coronary artery).,term_level_linking_and_nil_detection
ICD-020,poliuria,code,788.42,Poliuria,ICD-9-CM 788.42 represents polyuria.,term_level_linking_and_nil_detection
ICD-021,S. pneumoniae,organism_only,,Menzione di organismo senza diagnosi associata,"S. pneumoniae is an organism mention without an associated diagnosis, so it is left NIL.",term_level_linking_and_nil_detection
ICD-022,infezione urinaria,code,599.0,"Infezione delle vie urinarie, sede non specificata","Urinary tract infection is mapped to 599.0 (urinary tract infection, site unspecified).",term_level_linking_and_nil_detection
ICD-023,Sindrome di Horner,insufficient_context,,Sindrome di Horner: il codice richiede verifica sul manuale/contesto,Horner syndrome is left NIL because the exact code requires manual verification against the source context.,term_level_linking_and_nil_detection
ICD-024,ipocinesia laterale,finding_not_diagnosis,,Ipocinesia laterale: reperto strumentale,"Lateral hypokinesia is an instrumental (imaging) finding, not a diagnosis, so it is left NIL.",term_level_linking_and_nil_detection
ICD-025,flecainide,non_condition,,Flecainide è un farmaco,"Flecainide is a drug, not a diagnosis, so it is left NIL.",term_level_linking_and_nil_detection
ICD-026,NYHA IIb,functional_class,,NYHA IIb è una classe funzionale,"NYHA IIb is a functional class, not a standalone diagnosis, so it is left NIL.",term_level_linking_and_nil_detection
ICD-027,edema interstiziale,code,514,Congestione ed edema polmonare,Interstitial (pulmonary) edema is mapped to 514.0 (pulmonary congestion and hypostasis).,term_level_linking_and_nil_detection
ICD-028,asintomatico,non_condition,,Asintomatico non è una diagnosi,"'Asintomatico' (asymptomatic) is not a diagnosis, so it is left NIL.",term_level_linking_and_nil_detection
ICD-029,bronchite,code,490,"Bronchite, non specificata come acuta o cronica","Bronchitis is mapped to 490.0 (bronchitis, not specified as acute or chronic).",term_level_linking_and_nil_detection
ICD-030,acinesia inferiore basale,finding_not_diagnosis,,Acinesia inferiore basale: reperto strumentale,"Basal inferior akinesia is an imaging finding; coding requires fuller clinical context, so it is left NIL.",term_level_linking_and_nil_detection
ICD-031,stenosi critica di D1,code,414.01,Aterosclerosi coronarica di arteria coronaria nativa,D1 (diagonal branch) coronary stenosis is mapped to 414.01 (coronary atherosclerosis of native coronary artery).,term_level_linking_and_nil_detection
