ingredient,atc4,rxcui,how
Abaloparatide,H05AA,1921069,raw
131-I Iodomethyl Norcholesterol,V09XA,,unresolved
Abatacept,L04AA,614391,raw
Abacavir,J05AF,190521,raw
Abacavir Solfato,J05AF,190521,salt
Abemaciclib,L01EF,1946825,raw
Abies Nigra,V03AX,,unresolved
Abiraterone,L02BX,1100072,raw
Acamprosato,N07BB,82819,raw
Abrocitinib,D11AH,2591476,raw
Abiraterone Acetato,L02BX,1100072,salt
Acalabrutinib,L01EL,1986808,raw
Acarbosio,A10BF,16681,raw
Acebutololo,C07AB,149,raw
Aceclofenac,M01AB,16689,raw
Acenocumarolo,B01AA,154,raw
Acetilcisteina,R05CB,197,raw
Acetazolamide,S01EC,167,raw
Acetossietilcefuroxima,J01DC,,unresolved
Acetilcolina Cloruro,S01EB,194,raw
Achillea Millefolium,V03AX,,unresolved
Aciclovir,J05AB,281,raw
Acetylcysteine,R05CB,197,raw
Aciclovir Sale Sodico,J05AB,281,salt
Acidi Omega 3 Esteri Etilici 90,C10AX,,unresolved
Acido 5-Aminolevulinico,L01XD,683,raw
Acido 5-Aminolevulinico Cloridrato,L01XD,683,salt
Acido Alendronico,M05BA,236083,raw
Acido Acetilsalicilico,B01AC,1191,raw
Acido Arsenioso,L01XX,,unresolved
Acido Ascorbico,A11GA,1151,raw
Acido Azelaico,D10AX,18602,raw
Acido Bempedoico,C10AX,2282403,raw
Acido Borico,D08AD,,unresolved
Acido Carglumico,A16AA,401713,raw
Acido Chenodesossicolico,A05AA,,unresolved
Acido Clodronico,M05BA,3350,raw
Acido Cromoglicico Sale Disodico,A07EB,42612,raw
Acido Colico,A05AA,,unresolved
Acido Dimercaptosuccinico (Dmsa),V09CA,,unresolved
Acido Edetico Sale Disodico,V03AB,,unresolved
Acido Etacrinico,C03CC,4109,raw
Acido Etacrinico Sale Sodico,C03CC,4109,salt
Acido Folico,B03BB,4511,raw
Acido Fusidico,D06AX,4608,raw
Acido Edetico Sale Di Calcio Bisodico,V03AB,,unresolved
Acido Fusidico Sale Sodico,D06AX,4608,salt
Acido Gadoterico,V08CA,25483,raw
Acido Gadobenico Sale Dimegluminico,V08CA,,unresolved
Acido Ialuronico,S01XA,,unresolved
Acido Gadoxetico Disodio,V08CA,,unresolved
Acido Ibandronico,M05BA,115265,raw
Acido Levo Folinico,V03AF,6313,raw
Acido Micofenolico,L04AA,7145,raw
Acido Niflumico,M01AX,7418,raw
Acido Neridronico,M05BA,,unresolved
Acido Ialuronico Sale Sodico,D03AX,,unresolved
Acido Pentetico,V09CA,,unresolved
Acido Pipemidico Triidrato,J01MB,8337,salt
Acido Risedronico,M05BA,55685,raw
Acido Salicilico,D11AF,,unresolved
Acido Tauroursodesossicolico Diidrato,A05AA,,unresolved
Acido Tiaprofenico,M01AE,38253,raw
Acido Tioctico,A16AX,6417,raw
Acido Tricloracetico,D11AF,,unresolved
Acido Spaglumico Sale Sodico,S01GX,,unresolved
Acido Tranexamico,B02AA,10691,raw
Acido Ursodesossicolico,A05AA,,unresolved
Acido Zoledronico,M05BA,77655,raw
Acido Zoledronico Monoidrato,M05BA,77655,salt
Acidum Benzoicum,V03AX,,unresolved
Acidum Muriaticum,V03AX,,unresolved
Acidum Fluoricum,V03AX,,unresolved
Acido Ursodesossicolico Estere Solforico Sale Sodico,A05AA,,unresolved
Acidum Nitricum,V03AX,,unresolved
Acidum Picricum,V03AX,,unresolved
Acidum Phosphoricum,V03AX,,unresolved
Acipimox,C10AD,16817,raw
Acidum Sulfuricum,V03AX,,unresolved
Acitretina,D05BB,16818,raw
Aconitum Napellus,V03AX,,unresolved
Acoramidis,C01EB,2698312,raw
Acqua Per Preparazioni Iniettabili,V07AB,,unresolved
Actaea Spicata,V03AX,,unresolved
Actaea Racemosa,V03AX,,unresolved
Adagrasib,L01XX,2625882,raw
Adalimumab,L04AB,327361,raw
Adenoidi,V03AX,,unresolved
Adapalene,D10AD,60223,raw
Ademetionina,A05BA,,unresolved
Ademetionina Butandisolfonato,N06AX,,unresolved
Adenosina,C01EB,296,raw
Adrenalinum,N01BB,,unresolved
Aethusa Cynapium,V03AX,,unresolved
Adrenalina,N01BB,,unresolved
Ademetionina  Tosilato Disolfato,A16AA,,unresolved
Afamelanotide,D02BB,2262250,raw
Afatinib,L01EB,1430438,raw
Aflibercept,S01LA,1232150,raw
Agalsidasi Alfa,A16AB,2691830,raw
Agomelatina,N06AX,,unresolved
Agalsidasi Beta,A16AB,338817,raw
Agnus Castus,V03AX,,unresolved
Agni Casti Fructus Extractum Siccum,G02CX,236664,raw
Agraphis Nutans,V03AX,,unresolved
Ailanthus Altissima,V03AX,,unresolved
Alanilglutamina,B05XB,1359422,raw
Albendazolo,P02CA,430,raw
Albumina Umana Macroaggregati (Macrosalb),V09GA,,unresolved
Albumina Umana,B05AA,,unresolved
Albumina Umana Macrogrregati,V09EB,,unresolved
Albumina Umana Particelle Nanocolloidali,V09GA,,unresolved
Albutrepenonacog Alfa,B02BD,1743992,raw
Alcinonide,D07AD,5084,raw
Alcool Benzilico,V04CL,,unresolved
Aldesleuchina,L03AC,70223,raw
Alectinib,L01ED,1727455,raw
Alemtuzumab,L04AG,117055,raw
Alendronato Sodico,M05BA,46041,salt
Alendronato Sodico Triidrato,M05BA,46041,salt
Alfa Tocoferolo,A11HA,,unresolved
Alfa Ketoanaloghi,V06DD,,unresolved
Alfacalcidolo,A11CC,12062,raw
Alfuzosina Cloridrato,G04CA,17300,salt
Alirocumab,C10AX,1659152,raw
Alglucosidasi Acida Umana Ricombinante,A16AB,629565,raw
Aliskiren,C09XA,325646,raw
Alitretinoina,D11AH,81864,raw
Alizapride,A03FA,17311,raw
Allium Cepa,V03AX,,unresolved
Allopurinolo,M04AA,519,raw
Allium Sativum,V03AX,,unresolved
Almotriptan Idrogenomalato,N02CC,279645,raw
Aloe,V03AX,,unresolved
"Allergeni, Veleno Di Insetti",V01AA,,unresolved
Alogliptin,A10BH,1368001,raw
Aloperidolo Decanoato,N05AD,26420,raw
Aloperidolo,N05AD,5093,raw
Alpelisib,L01EM,2169285,raw
Alprazolam,N05BA,596,raw
Alprostadil,G04BE,598,raw
Alprostadil Alfaciclodestrina,C01EA,598,raw
Alteplasi,B01AD,8410,raw
Alumina,V03AX,,unresolved
Amantadina,N04BB,620,raw
Ambra Grisea,V03AX,,unresolved
Ambrisentan,C02KX,358274,raw
Ambroxolo,R05CB,625,raw
Ambroxolo Acefillinato,R03DA,,unresolved
Ambroxolo Cloridrato,R05CB,625,salt
Amfotericina B,J02AA,732,raw
Amfotericina B Liposomal,J02AA,732,raw
Amifampridina Fosfato,N07XX,2106338,salt
Amikacina Solfato,J01GB,641,salt
Amifampridine,N07XX,2106338,raw
Aminaftone,C05CX,,unresolved
Aminoacidi,B05BA,,unresolved
Aminofillina,R03DA,,unresolved
Aminofillina Biidrata,R03DA,,unresolved
Amiodarone,C01BD,703,raw
Amiodarone Cloridrato,C01BD,703,salt
Amisulpride,N05AL,46303,raw
Amisulpride (Td),N05AL,46303,raw
Amitriptilina,N06AA,704,raw
Amitriptilina Cloridrato,N06AA,704,salt
Amivantamab,L01FX,2549199,raw
Amlodipina,C08CA,17767,raw
Amlodipina Besilato,C08CA,17767,salt
Ammonio Solfoittiolato,D10AB,,unresolved
Ammonium Carbonicum,V03AX,,unresolved
Ammonium Muriaticum,V03AX,,unresolved
Amorolfina,D01AE,17804,raw
Amorolfina Cloridrato,D01AE,17804,salt
Amorolfine,D01AE,17804,raw
Amoxicillina,J01CA,723,raw
Amoxicillina Triidrato,J01CA,723,salt
Ampicillina,J01CA,733,raw
Ampicillina Sodica,J01CA,733,salt
Amsacrina,L01XX,739,raw
Anacardium,V03AX,,unresolved
Anagrelide (Td),L01XX,596724,raw
Anagrelide Cloridrato,L01XX,596724,salt
Anakinra,L04AC,72435,raw
Anas Barbarie Hepatis Et Cordis Extractum,V03AX,,unresolved
Anastrozolo,L02BG,84857,raw
Andexanet Alfa,V03AB,2045114,raw
Angiotensina Ii,C01CX,1999003,raw
Andusomeran,J07BN,2664725,raw
Anidulafungina,J02AX,341018,raw
Anifrolumab,L04AG,2565265,raw
Anti Cd 11,V03AX,,unresolved
Anti Cd 13,V03AX,,unresolved
Anti Cd 14,V03AX,,unresolved
Anti Cd 15,V03AX,,unresolved
Anti Cd 21,V03AX,,unresolved
Anti Cd 23,V03AX,,unresolved
Anti Cd 25,V03AX,,unresolved
Anti Cd 35,V03AX,,unresolved
Anti Cd 26,V03AX,,unresolved
Anti Cd 36,V03AX,,unresolved
Anti Cd 43,V03AX,,unresolved
Anti Cd 44,V03AX,,unresolved
Anti Cd 46,V03AX,,unresolved
Anti Cd 54,V03AX,,unresolved
Anti Cd 62,V03AX,,unresolved
Anti Cd 55,V03AX,,unresolved
Anti Cd 81,V03AX,,unresolved
Antimonium Crudum,V03AX,,unresolved
Antitrombina Iii Umana,B01AB,221062,raw
Apalutamide,L02BB,1999574,raw
Apatite,V03AX,,unresolved
Antimonium Tartaricum,V03AX,,unresolved
Antigene Di Superficie Dell''Epatite B,J07BC,,unresolved
Apis,V03AX,,unresolved
Apixaban,B01AF,1364430,raw
Apomorfina Cloridrata Emiidrata,N04BC,1043,raw
Apocynum Cannabinum,V03AX,,unresolved
Apomorfina Cloridrato,N04BC,1043,salt
Apraclonidina Cloridrato,S01EA,14845,salt
Apremilast,L04AA,1492727,raw
Aprepitant,A04AD,358255,raw
Arctium Lappa,V03AX,,unresolved
Apteni Singoli O In Miscela (Totale).,V04CL,,unresolved
Arctostaphylos Uva Ursina Foglia,G04BX,,unresolved
Argatroban,B01AE,15202,raw
Argento Proteinato,R01AX,,unresolved
Argentum Metallicum,V03AX,,unresolved
Argipressina Acetato,H01BA,1098,salt
Argentum Nitricum,V03AX,,unresolved
Aripiprazolo,N05AX,89013,raw
Arnica Essenza,M02AX,,unresolved
Arnica Montana,V03AX,,unresolved
Arnica Planta Tota,V03AX,,unresolved
Arsenicum Iodatum,V03AX,,unresolved
Arsenicum Album,V03AX,,unresolved
Artemisia Abrotanum,V03AX,,unresolved
Artemisinina,P01BE,2367409,raw
Artesunato,P01BE,18346,raw
Arum Triphyllum,V03AX,,unresolved
Asa Foetida,V03AX,,unresolved
Asarum Europaeum,V03AX,,unresolved
Asciminib,L01EA,2584304,raw
Asenapina Maleato,N05AH,784649,salt
Asfotase Alfa,A16AB,1720259,raw
Asparaginasi,L01XX,1156,raw
Asperula Odorata,V03AX,,unresolved
Atazanavir Solfato,J05AE,343047,salt
Atazanavir (Td),J05AE,343047,raw
Atenololo,C07AB,1202,raw
Atogepant,N02CD,2571813,raw
Atezolizumab,L01FF,1792776,raw
Atorvastatina,C10AA,83367,raw
Atorvastatina Calcio,C10AA,83367,salt
Atorvastatina Calcio Triidrato,C10AA,83367,salt
Atosiban Acetato,G02CX,59639,salt
Atovaquone,P01AX,60212,raw
Atracurio Besilato,M03AC,1218,salt
Aumolertinib,L01EB,,unresolved
Atropina,S01FA,1223,raw
Atropina Solfato,A03BA,1223,salt
Atropina Solfato Monoidrato,A03BA,1223,salt
Aurum Metallicum,V03AX,,unresolved
Aurum Muriaticum,V03AX,,unresolved
Aurum Muriaticum Natronatum,V03AX,,unresolved
Avacopan,L04AJ,2572100,raw
Avalglucosidasi Alfa,A16AB,2565814,raw
Avanafil,G04BE,1291301,raw
Avatrombopag,B02BX,2045726,raw
Avapritinib,L01EX,2272107,raw
Avelumab,L01FF,1875534,raw
Axicabtagene Ciloleucel,L01XL,1987398,raw
Axitinib,L01EK,1242999,raw
Azacitidina,L01BC,1251,raw
Azathioprine,L04AX,1256,raw
Azatioprina,L04AX,1256,raw
Azelastina Cloridrato,S01GX,18603,salt
Azilsartan Medoxomil,C09CA,1091642,raw
Azitromicina,J01FA,18631,raw
Azitromicina Diidrato,J01FA,18631,raw
Aztreonam,J01DF,1272,raw
Bacampicillina Cloridrato,J01CA,18687,salt
Bacillus Clausii,A07FA,,unresolved
Baclofen,M03BX,1292,raw
Baclofene,M03BX,1292,raw
Baloxavir Marboxil,J05AX,2099995,raw
"Bacillo Di Calmette-Guerin (Bcg), Ceppo Tice",L03AX,,unresolved
Bacillo Di Doederlein,G01AX,,unresolved
Balsalazide Bisodico,A07EC,18747,raw
Baptisia Tinctoria,V03AX,,unresolved
Baricitinib,L04AF,2047232,raw
Barnidipina Cloridrato,C08CA,39879,salt
Baryta Carbonica,V03AX,,unresolved
Baryta Muriatica,V03AX,,unresolved
Basiliximab,L04AC,196102,raw
Bazedoxifene Acetato,G03XC,1441386,salt
Bario Solfato,V08BA,,unresolved
Beclometasone,A07EA,1347,raw
Bedaquilina,J04AK,1364504,raw
Beclometasone Dipropionato,R03BA,1347,salt
Belantamab Mafodotin,L01FX,2387834,raw
Bcg - Bacillo Di Calmette E Guerin,L03AX,,unresolved
Belatacept,L04AA,1112973,raw
Belimumab,L04AG,1092437,raw
Belladonna,V03AX,,unresolved
Bellis Perennis,V03AX,,unresolved
Belzutifan,L01XX,2567226,raw
Bemiparina Sodica,B01AB,280611,salt
Benazepril Cloridrato,C09AA,18867,salt
Bendamustina Cloridrato,L01AA,134547,salt
Bendamustina Cloridrato Monoidrato,L01AA,134547,salt
Benralizumab,R03DX,1989100,raw
Benzalconio Cloruro,D08AJ,,unresolved
Benzalconio,S01AX,,unresolved
Benzidamina Cloridrato,R02AX,1425,salt
Benzidamina,A01AD,1425,raw
Benzoilperossido,D10AE,,unresolved
Benzilpenicillina Benzatinica,J01CE,,unresolved
Bendazac Sale Di L-Lisina,S01BC,,unresolved
Benzoperossido,D10AE,,unresolved
Benzoil Perossido,D10AE,,unresolved
Besilesomab,V09HA,,unresolved
Benzoxonio Cloruro,D08AJ,236962,raw
Berberis Aquifolium,V03AX,,unresolved
Berberis Vulgaris,V03AX,,unresolved
Berotralstat,B06AC,2467540,raw
Betaina Anidra,A16AA,,unresolved
Betaistina,N07CA,1511,raw
Betaine,A16AA,1512,raw
Betaistina Cloridrato,N07CA,1511,salt
Betaistina Dicloridrato,N07CA,1511,raw
Betametasone,D05AX,,unresolved
Betametasone Dipropionato,D07AC,1514,salt
Betametasone Sodio Fosfato,H02AB,1514,salt
Betametasone Valerato,D07AC,1514,salt
Betaxololo Cloridrato,C07AB,1520,salt
Betiatide,V09CA,,unresolved
Bevacizumab,L01FG,253337,raw
Bibrocathol,S01AX,,unresolved
Bexarotene,L01XF,233272,raw
Bezafibrato,C10AB,1525,raw
Bezlotoxumab,J06BC,1855048,raw
Bicalutamide,L02BB,83008,raw
Bifonazolo,D01AC,19295,raw
Bilastina,R06AX,,unresolved
Bimatoprost,S01EE,283810,raw
Bimekizumab,L04AC,2668041,raw
Binimetinib,L01EE,2049122,raw
Biotina,A11HA,1588,raw
Bisbutilcarboetilene,P03AX,,unresolved
Biperidene Lattato,N04AA,1589,raw
Bisacodile,A06AB,1596,raw
Biperidene,N04AA,1589,raw
Bismuthum Metallicum,V03AX,,unresolved
Bisoprololo Emifumarato,C07AB,19484,salt
Bisoprololo Fumarato,C07AB,19484,salt
Bleomicina Solfato,L01DC,1622,salt
Bivalirudina,B01AE,60819,raw
Blinatumomab,L01FX,1597258,raw
Borace,V03AX,,unresolved
Bornaprina Cloridrato,N04AA,19610,salt
Bortezomib,L01XG,358258,raw
Bosentan Monoidrato,C02KX,75207,salt
Bosentan,C02KX,75207,raw
Blu Di Metilene,V03AB,,unresolved
Bretovameran,J07BN,,unresolved
Bovista Gigantea,V03AX,,unresolved
Bosutinib,L01EA,1307619,raw
Brentuximab Vedotin,L01FX,1147320,raw
Brigatinib,L01ED,1921217,raw
Brexpiprazolo,N05AX,1658314,raw
Brinzolamide,S01EC,194881,raw
Brimonidina Tartrato,S01EA,134615,salt
Brimonidina,S01EA,134615,raw
Brivaracetam,N03AX,1739745,raw
Brivudina,J05AB,59161,raw
Brodalumab,L04AC,1872251,raw
Bromazepam,N05BA,1749,raw
Bromelina,D03BA,1752,raw
Brolucizumab,S01LA,2204915,raw
Bromexina,R05CB,1753,raw
Bromexina Cloridrato,R05CB,1753,salt
Bromfenac,S01BC,19737,raw
Bromfenac Sodico,S01BC,19737,salt
Bromocriptina,N04BC,1760,raw
Bromuro Di Aclidinio,R03BB,1303098,salt
Brotizolam,N05CD,19790,raw
Bryonia,V03AX,,unresolved
Budesonide,R03BA,19831,raw
Bulevirtide,J05AX,2743603,raw
Bupivacaina Cloridrato,N01BB,1815,salt
Bupivacaina Cloridrato Monoidrato,N01BB,1815,salt
Bupivacaina,N01BB,1815,raw
Buprenorfina,N02AE,1819,raw
Buprenorfina Cloridrato,N07BC,1819,salt
Bupropione,N06AX,42347,raw
Burosumab,M05BX,2043855,raw
Bupropione Cloridrato,N06AX,42347,salt
Busulfan,L01AB,1828,raw
Buserelin Acetato,L02AE,1825,salt
Busulfano,L01AB,1828,raw
Buxamina,N03AG,,unresolved
Butamirato Citrato,R05DB,19862,salt
"C1-Inhibitor, Plasma Derived",B06AC,809864,raw
Butilbromuro Di Joscina,A03BB,27085,salt
Cabazitaxel,L01CD,996051,raw
Cabazitaxel Monoidrato,L01CD,996051,salt
Cabergolina,N04BC,47579,raw
Cabotegravir,J05AJ,2475077,raw
Cactus Grandiflorus,V03AX,,unresolved
Cabozantinib,L01EX,1363268,raw
Cadmium Sulfuricum,V03AX,,unresolved
Caffeina Citrato,N06BC,1886,salt
Caffeine,N06BC,1886,raw
Caladium Seguinum,V03AX,,unresolved
Calcarea Carbonica,V03AX,,unresolved
Calcarea Fluorica,V03AX,,unresolved
Calcarea Phosphorica,V03AX,,unresolved
Calcarea Sulfurica,V03AX,,unresolved
Calcifediol,A11CC,1889,raw
Calcarea  Iodata,V03AX,,unresolved
Calcifediolo,A11CC,1889,raw
Calcio Carbonato,A12AA,1897,salt
Calcio,A12AA,,unresolved
Calcio Cloruro,B05XA,1901,salt
Calcio Cloruro Biidrato,B05XA,1901,salt
Calcio Cloruro Diidrato,B05XA,1901,salt
Calcio Folinato,V03AF,,unresolved
Calcio Gluconato,A12AA,1908,raw
Calcio Folinato Pentaidrato,B03BB,,unresolved
Calcio Levofolinato,V03AF,,unresolved
Calcio Mefolinato,B03BB,,unresolved
Calcio Levofolinato Idrato,V03AF,,unresolved
Calcipotriolo,D05AX,29365,raw
Calcitonin,V03AX,,unresolved
Calcitonina Di Salmone,H05BA,36118,salt
Calcitriolo,A11CC,1894,raw
Calcium (Different Salts In Combination),V03AX,,unresolved
Calcium Phosphoricum,V03AX,,unresolved
Calendula Officinalis,V03AX,,unresolved
Camomilla Essenza,V03AX,,unresolved
Canagliflozin,A10BK,1373458,raw
Canakinumab,L04AC,853491,raw
Canfora,M02AX,,unresolved
Candesartan,C09CA,214354,raw
Candesartan Cilexetil,C09CA,135481,raw
Candida Albicans,V03AX,,unresolved
Cangrelor Tetrasodio,B01AC,1656051,raw
Cannabidiolo (Via Sintetica),N03AX,2045371,raw
Capecitabina,L01BC,194000,raw
Capivasertib,L01EX,2669967,raw
Caplacizumab,B01AX,2110605,raw
Capmatinib,L01EX,2362165,raw
Capsicum Annuum,V03AX,,unresolved
Carbetocina,H01BB,,unresolved
Capsaicina,M02AB,1992,raw
Captopril,C09AA,1998,raw
Carbamazepina,N03AF,2002,raw
Carbo Vegetabilis,V03AX,,unresolved
Carbocisteina,R05CB,2023,raw
Carbocisteina Sale Di Lisina,R05CB,2023,salt
Carbomer,S01XA,,unresolved
Carbossimaltosio Ferrico,B03AC,,unresolved
Carboplatino,L01XA,40048,raw
Cardiospermum Halicacabum,V03AX,,unresolved
Carduus Marianus,V03AX,,unresolved
Carfilzomib,L01XG,1302966,raw
Carglumic Acid,A16AA,401713,raw
Cariprazina Cloridrato,N05AX,1667655,salt
Carmustina,L01AD,2105,raw
Carnitina,V03AX,,unresolved
Carteololo,S01ED,2116,raw
Carteololo Cloridrato,S01ED,2116,salt
Carmellosa Sodica,S01XA,,unresolved
Cartilagine,V03AX,,unresolved
Carvedilolo,C07AG,20352,raw
Caspofungin,J02AX,140108,raw
Caspofungin Acetato,J02AX,140108,salt
Catalasi,D03BA,,unresolved
Caulophyllum Thalictroides,V03AX,,unresolved
Catridecacog,B02BD,1488293,raw
Causticum Hahnemanni,V03AX,,unresolved
Ceanothus Americanus,V03AX,,unresolved
Cefacloro,J01DC,2176,raw
Cefacloro Monoidrato,J01DC,2176,salt
Cefazolina Acida,J01DB,2180,raw
Cefalexina,J01DB,2231,raw
Cefazolina Sodica,J01DB,2180,salt
Cefepime,J01DE,20481,raw
Cefditoren Pivoxil,J01DD,72611,raw
Cefepime Cloridrato,J01DE,20481,salt
Cefepime Dicloridrato Monoidrato,J01DE,20481,salt
Cefiderocol,J01DI,2265702,raw
Cefixima,J01DD,25033,raw
Cefixime Triidrato,J01DD,25033,salt
Cefotaxima,J01DD,2186,raw
Cefotaxima Sodica,J01DD,2186,salt
Cefoxitina Sodica,J01DC,2189,salt
Cefpodoxima,J01DD,20489,raw
Cefpodoxime Proxetil,J01DD,47835,raw
Cefprozil,J01DC,19552,raw
Ceftarolina,J01DI,,unresolved
Ceftarolina Fosamil Sterile,J01DI,1040004,raw
Ceftazidima,J01DD,2191,raw
Ceftazidima Pentaidrato,J01DD,2191,salt
Ceftibuten,J01DD,20492,raw
Ceftriaxone,J01DD,2193,raw
Ceftriaxone Sodico,J01DD,2193,salt
Ceftriaxone Disodico,J01DD,2193,raw
Ceftazidima Pentaidrato Con Sodio Carbonato Sterile,J01DD,,unresolved
Cefuroxima,J01DC,2194,raw
Ceftobiprolo Medocaril Sodico,J01DI,,unresolved
Cefuroxima Sodica,J01DC,2194,salt
Celecoxib,M01AH,140587,raw
Celiprololo Cloridrato,C07AB,20498,salt
Cellule Autologhe Cd34+ Codificanti Per Il Gene Arsa,A16AB,,unresolved
Cellule Cd3 + Autologhe Trasdotte Anti-Cd19,L01XL,,unresolved
Cellule Epiteliali Corneali Umane Autologhe Espanse Ex Vivo E Contenenti Cellule Staminali,S01XA,,unresolved
Cemiplimab,L01FF,2058826,raw
Centasina,C05CX,,unresolved
Cenegermin,S01XA,2104332,raw
Cenobamato,N03AX,2265690,raw
Cervello,V03AX,,unresolved
Ceritinib,L01ED,1535457,raw
Cerliponase Alfa,A16AB,1922436,raw
Certolizumab Pegol,L04AB,709271,raw
Cetilpiridinio Cloruro,D08AJ,,unresolved
Cetirizina,R06AE,20610,raw
Cetirizina Dicloridrato,R06AE,20610,raw
Cetrorelix,H01CC,68147,raw
Cetuximab,L01FE,318341,raw
Chamomilla,V03AX,,unresolved
Chelidonium Majus,V03AX,,unresolved
Chimaphila Umbellata,V03AX,,unresolved
China,V03AX,,unresolved
Chinina Bicloridrato,P01BC,9071,raw
Chinina Cloridrato,P01BC,9071,salt
Chinina Solfato,P01BC,9071,salt
Cholesterinum,V03AX,,unresolved
Chininum Arsenicosum,V03AX,,unresolved
Chininum Sulfuricum,V03AX,,unresolved
Cianocobalamina,B03BA,11248,raw
Ciclesonide,R03BA,274964,raw
Ciclofosfamide,L01AA,3002,raw
Ciclobenzaprina Cloridrato,M03BX,21949,salt
Ciclofosfamide Monoidrata,L01AA,3002,raw
Ciclopentolato Cloridrato,S01FA,3001,salt
Ciclopirox,D01AE,21090,raw
Ciclopirox Sale Di Olamina,G01AX,52172,salt
Ciclosporina,L04AD,3008,raw
Cicuta Virosa,V03AX,,unresolved
Cidofovir,J05AB,83171,raw
Cilazapril,C09AA,21102,raw
Cilazapril Monoidrato,C09AA,21102,salt
Cilostazolo,B01AC,21107,raw
Ciclosilicato Di Sodio E Zirconio,V03AE,,unresolved
Ciltacabtagene Autoleucel,L01XL,2594775,raw
Cimicifuga Estratto Secco,G02CX,236665,raw
Cinacalcet,H05BX,407990,raw
Cina,V03AX,,unresolved
Cinnabaris,V03AX,,unresolved
Cinacalcet Cloridrato,H05BX,407990,salt
Cineraria Maritima,V03AX,,unresolved
Cinnamomum Zeylanicum,V03AX,,unresolved
Cinnarizina,N07CA,2549,raw
Cipaglucosidasi Alfa,A16AB,2667433,raw
Cincocaina Cloridrato,V04CL,,unresolved
Ciproeptadina Cloridrato,R06AX,3013,salt
Ciprofloxacina,J01MA,2551,raw
Ciprofloxacina Cloridrato Monoidrato,J01MA,2551,salt
Ciprofloxacina Lattato,J01MA,2551,raw
Cisatracurio Besilato,M03AC,319864,salt
Ciprofloxacina Cloridrato,J01MA,2551,salt
Ciproterone Acetato,G03HA,3014,salt
Cisplatino,L01XA,2555,raw
Cisteamina Cloridrato,S01XA,3022,salt
Citalopram,N06AB,2556,raw
Citalopram Bromidrato,N06AB,2556,raw
Citalopram Cloridrato,N06AB,2556,salt
Citarabina,L01BC,3041,raw
Citicolina,N06BX,997602,raw
Citicolina Sodica,N06BX,997602,salt
Citisina,N07BA,1723152,raw
Citrullus Colocynthis,V03AX,,unresolved
Cladribina,L04AA,44157,raw
Claritromicina,J01FA,21212,raw
Claritromicina Lattobionato,J01FA,21212,raw
Clascoterone,D10AX,2474340,raw
Citrato Trisodico Biidrato,V07AC,,unresolved
Clematis Recta,V03AX,,unresolved
Clebopride Malato Acido,A03FA,236701,raw
Clenbuterolo Cloridrato,R03CC,2580,salt
Clevidipina,C08CA,233603,raw
Clindamicina,J01FF,2582,raw
Clindamicina Cloridrato,J01FF,2582,salt
Clindamicina Fosfato,J01FF,2582,salt
Clobazam,N05BA,21241,raw
Clobetasol,S01BA,2590,raw
Clobetasolo Propionato,D07AD,21245,raw
Clofarabina,L01BB,44151,raw
Clobetasone Butirrato,S01BA,108074,raw
Clofoctolo,J01XX,21264,raw
Clomifene Citrato,G03GB,2596,salt
Clomipramina Cloridrato,N06AA,2597,salt
Clonidina,C02AC,2599,raw
Clonazepam,N03AE,2598,raw
Clonidina Cloridrato,C02AC,2599,salt
Cloperastina Cloridrato,R05DB,2104180,salt
Cloperastina Fendizoato,R05DB,2104180,raw
Clopidogrel,B01AC,32968,raw
Cloramfenicolo,S01AA,,unresolved
Clopidogrel Besilato,B01AC,32968,salt
Clopidogrel Cloridrato,B01AC,32968,salt
Clopidogrel Idrogeno Solfato,B01AC,32968,salt
Clorambucile,L01AA,2346,raw
Cloramina,D08AX,,unresolved
Cloramfenicolo Succinato Sodico,J01BA,,unresolved
Clordiazepossido Cloridrato,N05BA,2356,salt
Clorazepato Dipotassico,N05BA,2607,raw
Clorexidina Digluconato,A01AB,2358,raw
Clorexidina Gluconato,A01AB,20791,raw
Cloramina T (Tosilcloramide Sodica),D08AX,,unresolved
Clormetina,L01AA,6674,raw
Clorfenamina Maleato,R06AB,2400,salt
Clorpromazina,N05AA,2403,raw
Cloroprocaina Cloridrato,N01BA,20859,salt
Clortalidone,C03BA,2409,raw
Clortetraciclina Cloridrato,D06AA,2408,salt
Cloruro Di Calcio,B05XA,1901,salt
Clostridium Botulinum,M03AX,,unresolved
Cloruro Di Tallio (201-Tl)*,V09GX,91588,salt
Clotiapina,N05AH,2620,raw
Clotiazepam,N05BA,2622,raw
Clotrimazolo,D01AC,2623,raw
Cobimetinib,L01EE,1722365,raw
Clozapina,N05AH,2626,raw
Cocculus,V03AX,,unresolved
Cobamamide,B03BA,21373,raw
Coffea,V03AX,,unresolved
Colibacillinum,V03AX,,unresolved
Colchicina,M04AC,2683,raw
Colecalciferolo,A11CC,2418,raw
Colestiramina Cloridrato,C10AC,2447,salt
Colchicum Autumnale,V03AX,,unresolved
Colina Alfoscerato,N07AX,,unresolved
Colistimetato Sodico,J01XB,2708,salt
Collagenasi,D03BA,58939,raw
Collinsonia Canadensis,V03AX,,unresolved
Collagene,V03AX,,unresolved
Colon,V03AX,,unresolved
Complesso Protrombinico Antiemofilico Umano Attivato,B02BD,,unresolved
Complesso Protrombinico Umano,B02BD,,unresolved
Concizumab,B02BX,2708333,raw
Complesso Di Coordinazione Del Citrato Ferrico,V03AE,,unresolved
Complesso Vitaminico,A11EA,,unresolved
Condroitin Sodio Solfato,M01AX,2473,salt
Condurango,V03AX,,unresolved
Conestat Alfa,B06AC,1599831,raw
Conium Maculatum,V03AX,,unresolved
Convallaria Majalis,V03AX,,unresolved
Coriogonadotropina Alfa,G03GA,283550,raw
Corifollitropina Alfa,G03GA,,unresolved
Cortisone Acetato,H02AB,2878,salt
Crataegus,V03AX,,unresolved
Crizotinib,L01ED,1148495,raw
Crisantaspase,L01XX,1431738,raw
Croton Tiglium,V03AX,,unresolved
Crotamitone,D04AX,,unresolved
Crovalimab,L04AJ,2686619,raw
Cuprum Aceticum,V03AX,,unresolved
Cuprum Metallicum,V03AX,,unresolved
Cuprum Sulfuricum,V03AX,,unresolved
Cyclamen Europaeum,V03AX,,unresolved
Cytomegalovirus,V03AX,,unresolved
Dabigatran Etexilato,B01AE,1037042,raw
Dabigatran Etexilato Mesilato,B01AE,1037042,salt
Dacarbazina,L01AX,3098,raw
Dabrafenib,L01EC,1424911,raw
Dacomitinib,L01EB,2058849,raw
Dactinomicina,L01DA,3100,raw
Dalbavancina,J01XA,1539239,raw
Damlecovateina,J07BN,,unresolved
Dalbavancina Cloridrato,J01XA,1539239,salt
Damoctocog Alfa Pegol,B02BD,,unresolved
Danazolo,G03XA,3102,raw
Danaparoid Sodico,B01AB,78484,salt
Danicopan,L04AJ,2678952,raw
Dantrolene,M03CA,3105,raw
Dantrolene Sodico,M03CA,3105,salt
Dapoxetina,G04BX,,unresolved
Dapagliflozin,A10BK,1488564,raw
Dapagliflozin Propanediolo Monoidrato,A10BK,1486966,salt
Dapiprazolo Cloridrato,S01EX,22298,salt
Daptomicina,J01XX,22299,raw
Daratumumab,L01FC,1721947,raw
Darbepoetina Alfa,B03XA,283838,raw
Daridorexant,N05CJ,2591497,raw
Darolutamide,L02BB,2180325,raw
Darunavir,J05AE,460132,raw
Darunavir Etanolato,J05AE,644682,raw
Dasatinib,L01EA,475342,raw
Datopotamab Deruxtecan,L01FX,2703033,raw
Datura Stramonium,V03AX,,unresolved
Daunorubicina Cloridrato,L01DB,3109,salt
Decitabina,L01BC,15657,raw
Deferasirox,V03AC,614373,raw
Deferiprone,V03AC,11645,raw
Deferoxamina Mesilato,V03AC,3131,salt
Deflazacort,H02AB,22396,raw
Defibrotide,B01AX,1311089,raw
Degarelix,L02BX,475230,raw
Delamanid,J04AK,,unresolved
Degarelix Acetato,L02BX,475230,salt
Delafloxacina,J01MA,1927663,raw
Delgocitinib,D11AH,2721163,raw
Delorazepam,N05BA,6470,raw
Denosumab,M05BX,993449,raw
Depemokimab,R03DX,2729265,raw
Dequalinio Cloruro,R02AA,3226,raw
Desametasone,H02AB,3264,raw
Desametasone Fosfato,H02AB,3264,salt
Desametasone 21-Fosfato Disodico,H02AB,22690,salt
Desametasone Sodio Fosfato,H02AB,3264,salt
Dermatan Sodio Solfato,B01AX,,unresolved
Desclorfeniramina Maleato,R06AB,22696,salt
Desflurano,N01AB,27340,raw
Desloratadina,R06AX,275635,raw
Desmopressina Acetato Idrato,H01BA,3251,salt
Desmopressina Acetato,H01BA,3251,salt
Desogestrel,G03AC,22656,raw
Destrometorfano Bromidrato,R05DA,,unresolved
Desossimetasone,D07AC,3255,raw
Desossiribonucleasi,R05CB,,unresolved
Dexibuprofene,M01AE,,unresolved
Desvenlafaxina,N06AX,734064,raw
Deucravacitinib,L04AF,2612087,raw
Deutetrabenazine,N07XX,1876905,raw
Dexamfetamina Solfato,N06BA,3288,salt
Dexketoprofene,M01AE,237162,raw
Dexketoprofene Sale Di Trometamolo,M01AE,233386,salt
Dexketoprofene Trometamolo,M01AE,233386,raw
Dexmedetomidina,N05CM,48937,raw
Dexmedetomidina Cloridrato,N05CM,48937,salt
Dexpantenolo,A11HA,22701,raw
Dexrazoxano Cloridrato,V03AF,42736,salt
Diacereina,M01AX,22759,raw
Diazepam,N05BA,3322,raw
Diazossido,V03AH,3327,raw
Dibotermina Alfa,M05BC,,unresolved
Diclofenac,M02AA,3355,raw
Diclofenac Dietilammonio,M02AA,3355,raw
Diclofenac Dietilamina,M02AA,236125,raw
Diclofenac Epolamina,M01AB,40968,raw
Diclofenac Idrossietilpirrolidina,M02AA,3355,raw
Diclofenac Potassico,M01AB,3355,salt
Diclofenac Sodico,M02AA,3355,salt
Didrogesterone,G03DB,3706,raw
Dienogest,G03DB,22968,raw
Difelikefalin,V03AX,2569089,raw
Difenidramina Cloridrato,D04AA,,unresolved
Diflucortolone Valerato,D07AC,3392,salt
Diflunisal,N02BA,3393,raw
Digitalis Purpurea,V03AX,,unresolved
Diidrochinidina Cloridrato,C01BA,,unresolved
Digossina,C01AA,3407,raw
Diidrocodeina Rodanato,R05DA,,unresolved
Diidroergotamina Mesilato,N02CA,3418,salt
Dimenidrinato,R06AA,3444,raw
Diltiazem Cloridrato,C08DB,3443,salt
Dimeticone,A03AX,,unresolved
Dimeticone Attivato,A03AX,,unresolved
Dimetilfumarato,L04AX,1373478,raw
Dimetindene,D04AA,3449,raw
Diosmectite,A07BC,,unresolved
Dimetindene Maleato,D04AA,3449,salt
Dinoprostone,G02AD,3478,raw
Dinutuximab Beta,L01FX,,unresolved
Dioscorea Villosa,V03AX,,unresolved
Diosmina,C05CA,3489,raw
Diroximel Fumarate,L04AX,2261783,raw
Dipiridamolo,B01AC,3521,raw
Disopiramide,C01BA,3541,raw
Disopiramide Fosfato,C01BA,3541,salt
Disulfiram,N07BB,3554,raw
Domperidone,A03FA,3626,raw
Dobutamina Cloridrato,C01CA,3616,salt
Dolutegravir,J05AJ,1433868,raw
Docetaxel,L01CD,72962,raw
Donanemab,N06DX,2687966,raw
Donepezil,N06DA,135447,raw
Donidalorsen,B06AC,2724361,raw
Donepezil Cloridrato,N06DA,135447,salt
Dopamina Cloridrato,C01CA,3628,salt
Doravirina,J05AG,2055755,raw
Dopamina,C01CA,3628,raw
Dorzolamide,S01EC,60207,raw
Dorzolamide Cloridrato,S01EC,60207,salt
Dosulepina Cloridrato,N06AA,3634,salt
Dostarlimab,L01FF,2539967,raw
Doxazosina Mesilato,C02CA,49276,salt
Doxazosina,C02CA,49276,raw
Doxiciclina,J01AA,3640,raw
Doxofillina,R03DA,,unresolved
Doxiciclina Cloridrato,J01AA,3640,salt
Doxiciclina Iclato,A01AB,3640,raw
Doxiciclina Monoidrato,J01AA,3640,salt
Doxorubicina,L01DB,3639,raw
Doxorubicin,L01DB,3639,raw
Doxorubicina Cloridrato,L01DB,3639,salt
Dronedarone,C01BD,233698,raw
Droperidolo,N05AD,3648,raw
Dropropizina,R05DB,23419,raw
Drosera Rotundifolia,V03AX,,unresolved
Drospirenone,G03AC,11636,raw
Dulaglutide,A10BJ,1551291,raw
Dulcamara,V03AX,,unresolved
Duloxetina,N06AX,72625,raw
Duloxetina Cloridrato,N06AX,72625,salt
Durvalumab,L01FF,1919503,raw
Dupilumab,D11AH,1876376,raw
Dutasteride,G04CB,228790,raw
Ebastina,R06AX,23796,raw
Echinacea,V03AX,,unresolved
Econazolo,D01AC,3743,raw
Econazolo Nitrato,D01AC,3743,salt
Eculizumab,L04AJ,591781,raw
Edera Foglie Estratto Secco,R05CA,1309795,raw
Edotreotide,V09IX,2199392,raw
Edoxaban Tosilato,B01AF,1599538,raw
Edoxaban,B01AF,1599538,raw
Efanesoctocog Alfa,B02BD,,unresolved
Efavirenz,J05AG,195085,raw
Efbemalenograstim Alfa,L03AA,2670630,raw
Efedrina,C01CA,3966,raw
Efedrina Cloridrato,C01CA,3966,salt
Efgartigimod Alfa,L04AA,2587717,raw
Efinaconazolo,D01AC,1539753,raw
Eflornitina,D11AX,569,raw
Efmoroctocog Alfa,B02BD,,unresolved
Eftrenonacog Alfa,B02BD,,unresolved
Elacestrant Dicloridrato,L02BA,2628469,raw
Eladocagene Exuparvovec,A16AB,2698762,raw
Elasomeran,J07BN,2470232,raw
Elafibranor,A05AX,2684941,raw
Eletriptan,N02CC,231049,raw
Eletriptan (Td),N02CC,231049,raw
Eletriptan Bromidrato,N02CC,231049,raw
Elinzanetant,G02CX,2725511,raw
Eliglustat Tartarato,A16AX,1547219,raw
Elettroliti,B05BB,,unresolved
Elosulfase Alfa,A16AB,1489914,raw
Elotuzumab,L01FX,1726104,raw
Embrione,V03AX,,unresolved
Elranatamab,L01FX,2644880,raw
Eltrombopag,B02BX,711942,raw
Eltrombopag Olamina,B02BX,735651,raw
Emina,B06AB,,unresolved
Emedastina Difumarato,S01GX,221094,raw
Emicizumab,B02BX,1989794,raw
Empagliflozin,A10BK,1545653,raw
Emtricitabina,J05AF,276237,raw
Emulsione Lipidica Per Nutrizione Parenterale,B05BA,,unresolved
Enalapril,C09AA,3827,raw
Enalapril Maleato,C09AA,3827,salt
Encorafenib,L01EC,2049106,raw
Enfortumab Vedotin,L01FX,2277607,raw
Enfuvirtide,J05AX,139896,raw
Enoxaparina,B01AB,67108,raw
Enoximone,C01CE,49626,raw
Enoxaparina Sodica,B01AB,67108,salt
Entacapone,N04BX,60307,raw
Entecavir,J05AF,306266,raw
Entecavir Monoidrato,J05AF,306266,salt
Entrectinib,L01EX,2197862,raw
Enzalutamide,L02BB,1307298,raw
Eosina,D08AX,1310593,raw
Eparina Calcica,B01AB,5224,raw
Eparina Sodica,B01AB,5224,salt
Ephedra Vulgaris,V03AX,,unresolved
Epinastina Cloridrato,S01GX,39684,salt
Eparan Solfato,C05BA,,unresolved
Epinefrina,C01CA,3992,raw
Epirubicina Cloridrato,L01DB,3995,salt
Eperisone Cloridrato,M03BX,,unresolved
Eplerenone,C03DA,298869,raw
Eplontersen,N07XX,2671939,raw
Epoetina Beta,B03XA,,unresolved
Epoetina Alfa,B03XA,,unresolved
Epoetina Teta,B03XA,,unresolved
Epoetina Zeta,B03XA,,unresolved
Epoprostenolo Sodico,B01AC,8814,salt
Epstein-Barr Virus,V03AX,,unresolved
Eptacog Alfa Attivato (Fattore Vii Di Coagulazione Da Dna Ricombinante),B02BD,4254,salt
Eptacog Beta (Attivato),B02BD,253149,raw
Eptifibatide,B01AC,75635,raw
Eptinezumab,N02CD,2282660,raw
Eravaciclina,J01AA,2055906,raw
Equisetum Arvense,V03AX,,unresolved
Erdafitinib,L01EN,2123125,raw
Erdosteina,R05CB,24305,raw
Erenumab,N02CD,2045613,raw
Eribulina,L01XX,1045453,raw
Erigeron Canadensis,V03AX,,unresolved
Eribulina Mesilato,L01XX,1045453,salt
Eritromicina,D10AF,4053,raw
Eritromicina Lattobionato,J01FA,4053,raw
Erlotinib,L01EB,337525,raw
Erlotinib Cloridrato,L01EB,337525,salt
Ertapenem,J01DH,325642,raw
Ertugliflozin Acido L-Piroglutammico,A10BK,1992674,raw
Ertapenem Sodico,J01DH,325642,salt
Esametazima,V09AA,,unresolved
Esaminolevulinato Cloroidrato,V04CX,,unresolved
Escina,C05CX,,unresolved
Escitalopram,N06AB,321988,raw
Escitalopram Ossalato,N06AB,321988,raw
Esketamina,N06AX,2119365,raw
Eslicarbazepina Acetato,N03AF,1482502,salt
Esmololo Cloridrato,C07AB,49737,salt
Esomeprazolo,A02BC,283742,raw
Esomeprazolo Magnesio Diidrato,A02BC,283742,raw
Esomeprazolo Magnesio Triidrato,A02BC,283742,salt
Esomeprazolo Sodico,A02BC,283742,salt
Estazolam,N05CD,4077,raw
Estradiolo Emiidrato,G03CA,4083,raw
Estradiolo,G03CA,4083,raw
Estradiolo Valerato,G03CA,4083,salt
Estratto Allergenico Di Polline Di Betulla (Betula Verrucosa),V01AA,,unresolved
Estratto Di Allergeni Di Polline Di Graminacee-Phleum Pratense (Codolina),V01AA,,unresolved
Estratto Di Allergeni Di Veleno Di Imenotteri - Apis Mellifera (Ape),V01AA,,unresolved
Estratto Di Corteccia Di Betulla,D03AX,,unresolved
Estratto Di Lavanda,N05BX,,unresolved
Estriolo,G03CA,4094,raw
Estratto Secco Idroalcoolico Di Passiflora,N05CM,,unresolved
Eszopiclone,N05CF,461016,raw
Etambutolo Cloridrato,J04AK,4110,salt
Etanercept,L04AB,214555,raw
Etelcalcetide,H05BX,1876119,raw
Etilefrina Cloridrato,C01CA,4169,salt
Etizolam,N05BA,,unresolved
Etofenamato,M02AA,24608,raw
Etobromuro Pipetanato,A03AA,,unresolved
Etosuccimide,N03AD,,unresolved
Etonogestrel,G03AC,14584,raw
Etoposide,L01CB,4179,raw
Etoricoxib,M01AH,307296,raw
Etranacogene Dezaparvovec,B02BD,2626727,raw
Etrasimod,L04AE,2668045,raw
Eucalyptus Globulus,V03AX,,unresolved
Etravirine,J05AG,475969,raw
Euphorbia Resinifera,V03AX,,unresolved
Eupatorium Perfoliatum,V03AX,,unresolved
Euphrasia Officinalis,V03AX,,unresolved
Everolimus,L01EG,141704,raw
Evinacumab,C10AX,2478335,raw
Evolocumab,C10AX,1665684,raw
Exagamglogene Autotemcel,B06AX,2671667,raw
Exemestane,L02BG,258494,raw
Exemestano,L02BG,258494,raw
Exenatide,A10BJ,60548,raw
Ezetimibe,C10AX,341248,raw
Fagopyrum Esculentum,V03AX,,unresolved
Famciclovir,J05AB,68099,raw
Famotidina,A02BA,4278,raw
Fampridina,N07XX,897018,raw
Faricimab,S01LA,2591519,raw
Fattore Di Von Willebrand,B02BD,11274,salt
Fattore Ix Della Coagulazione Umano,B02BD,,unresolved
Fattore Vii Di Coagulazione Del Sangue Umano Liofilizzato,B02BD,4254,salt
Fattore Viii,B02BD,4257,raw
Fattore Viii Della Coagulazione Del Plasma Umano,B02BD,826070,raw
Fattore Ix Di Coagulazione Del Sangue Umano Liofilizzato,B02BD,,unresolved
Fattore Viii Umano Di Coagulazione,B02BD,4257,salt
Fattore Xiii,B02BD,4271,raw
Febuxostat,M04AA,73689,raw
Fattore Viii Di Coagulazione Del Sangue Umano Liofilizzato,B02BD,,unresolved
Febuxostat Emidrato,M04AA,73689,raw
Fedratinib,L01EJ,2197490,raw
Fattore X Di Coagulazione Del Sangue,B02BD,,unresolved
Felbamato,N03AX,24812,raw
Felodipina,C08CA,4316,raw
Fenfluramina,N03AX,4328,raw
Fenilefrina Cloridrato,R01AA,8163,salt
Fenilefrina,C01CA,8163,raw
Fenilbutirrato Sodico,A16AX,,unresolved
Fenilisopropil-P-Fenilendiamina,V04CL,,unresolved
Fenitoina Sodica,N03AB,8183,salt
Fenobarbitale,N03AA,,unresolved
Fenolo,D08AE,,unresolved
Fenofibrato,C10AB,8703,raw
Fenoldopam Mesilato,C01CA,24853,salt
Fentanil,N02AB,4337,raw
Fentanil Citrato,N02AB,4337,salt
Fenobarbitale Sodico,N03AA,,unresolved
Fenticonazolo Nitrato,G01AF,24876,salt
Ferriprotinato,B03AB,,unresolved
Fentanyl,N02AB,4337,raw
Ferrisaccarato,B03AC,,unresolved
Fermenti Lattici,A07FA,,unresolved
Ferroglicinasolfato,B03AA,,unresolved
Ferro,B03AA,310325,raw
Ferro Maltobionato,B03AB,,unresolved
Ferro+++,B03AC,,unresolved
Ferro Trivalente,B03AB,,unresolved
Ferromaltoso,B03AB,,unresolved
Ferroso Gluconato,B03AA,,unresolved
Ferrum Metallicum,V03AX,,unresolved
Ferrum Phosphoricum,V03AX,,unresolved
Fesoterodina,G04BD,797195,raw
Fesoterodina Fumarato,G04BD,797195,salt
Fexofenadina,R06AX,87636,raw
Ferroso Solfato,B03AA,,unresolved
Fexofenadina Cloridrato,R06AX,87636,salt
Fibrinogeno Umano,B02BB,4385,raw
Fezolinetant,G02CX,2637134,raw
Fibrinogeno Umano Liofilizzato,B02BB,4385,raw
Filgrastim,L03AA,68442,raw
Filgotinib,L04AF,,unresolved
Fidaxomicina,A07AA,1111103,raw
Finasteride,G04CB,25025,raw
Finerenone,C03DA,2562811,raw
Fingolimod,L04AE,1012892,raw
Fitomenadione,B02BA,8308,raw
Flavoxato Cloridrato,G04BD,4440,salt
Flecainide Acetato,C01BC,4441,salt
Florbetaben (18 F),V09AX,1492940,raw
Florbetapir,V09AX,1427225,raw
Fingolimod Cloridrato,L04AA,,unresolved
Floroglucinolo,A03AX,8196,raw
Flortaucipir (18F),V09AX,2372689,raw
Flucitosina,J02AX,4451,raw
Fluciclovina (18F),V09IX,1796118,raw
Flucloxacillina Sodica,J01CF,4448,salt
Fludarabina,L01BB,24698,raw
Fluconazole,J02AC,4450,raw
Fluconazolo,J02AC,4450,raw
Flumazenil,V03AB,4457,raw
Fludarabina Fosfato,L01BB,24698,salt
Flunarizina Dicloridrato,N07CA,4459,raw
Fluodeossiglucosio,V09IX,,unresolved
Flunisolide,R03BA,25120,raw
Flunitrazepam,N05CD,4460,raw
Fluocinolone Acetonide,S02BA,4461,raw
Fluocinonide,D07AC,4462,raw
Fluodeossiglucosio (18F),V09IX,1362737,raw
Fluoresceina Sodica,S01JA,25138,salt
Fluoro-18F-Desossiglucosio,V09IX,2571853,raw
Fluorodopa (18F),V09IX,2571853,raw
Fluorometilcolina (18 F) Cloruro,V09IX,,unresolved
Fluorometolone,S01BA,4491,raw
Fluorouracile,L01BC,4492,raw
Fluorometolone Acetato,S01BA,4491,salt
Fluoxetina,N06AB,4493,raw
Fluoxetina Cloridrato,N06AB,4493,salt
Flurazepam Monocloridrato,N05CD,4501,raw
Flurbiprofene,A01AD,,unresolved
Flurbiprofene Sodico,S01BC,4502,salt
Flutamide,L02BB,4508,raw
Flutemetamolo (18F),V09AX,1486025,raw
Fluticasone,R01AD,41126,raw
Fluticasone Furoato,R01AD,41126,salt
Fluticasone Propionato,R03BA,50121,raw
Fluvastatina,C10AA,41127,raw
Fluvastatina Sodica,C10AA,41127,salt
Fluvoxamina Maleato,N06AB,42355,salt
Follitropina Alfa,G03GA,386938,raw
Follitropina Delta,G03GA,,unresolved
Follitropina Beta,G03GA,25357,raw
Fondaparinux Sodico,B01AX,321208,salt
Formoterolo Fumarato,R03AC,25255,salt
Formoterolo Fumarato Diidrato,R03AC,25255,salt
Fosaprepitant Dimeglumina,A04AD,,unresolved
Fosfatidi Diencefalici,N07XX,,unresolved
Foscarnet,J05AD,33562,raw
Foscarnet Sodico,J05AD,33562,salt
Fosfomicina Trometamolo,J01XX,4550,raw
Fosfocreatina Sodica,C01EB,,unresolved
Fosfomicina,J01XX,4550,raw
Fosfato Bipotassico,V03AX,,unresolved
Fosinopril Sodico,C09AA,50166,salt
Fostamatinib,B02BX,2044896,raw
Fostemsavir,J05AX,2380373,raw
Fraxinus Excelsior,V03AX,,unresolved
Fremanezumab,N02CD,2056691,raw
Frovatriptan,N02CC,228783,raw
Frovatriptan Succinato Monoidrato,N02CC,228783,salt
Fruquintinib,L01EK,2670179,raw
Frazione Cellulare Arricchita Di Cellule Autologhe Cd34+ Contenente Cellule Cd34+ Geneticamente Modificate Con Un Vettore Retrovirale Contenente La Sequenza Di Cdna Che Codifica Per L?Adenosina Deaminasi (Ada) Umana,L03AX,,unresolved
Frazione Fosfolipidica Da Polmone Di Suino,R07AA,,unresolved
Fucus Vesciculosus,V03AX,,unresolved
Fulvestrant,L02BA,282357,raw
Fumaria,V03AX,,unresolved
Furosemide,C03CA,4603,raw
Futibatinib,L01EN,2628190,raw
Fruttosio Difosfato Sodico,C01EB,,unresolved
Gabapentin,N02BF,25480,raw
Gabapentina,N02BF,25480,raw
Gadobutrolo,V08CA,84990,raw
Gadopiclenol,V08CA,2618720,raw
Gadodiamide,V08CA,41144,raw
Gadoteridolo,V08CA,25483,raw
Gabesato Mesilato,B02AB,,unresolved
Galantamina Bromidrato,N06DA,4637,raw
Galcanezumab,N02CD,2058846,raw
Galsulfase,A16AB,578033,raw
Ganaxolone,N03AX,2604689,raw
Ganciclovir,J05AB,4678,raw
Ganirelix,H01CC,35825,raw
Garadacimab,B06AC,2717169,raw
Gallio (67 Ga) Citrato,V09HX,272758,raw
Gefitinib,L01EB,328134,raw
Gelsemium Sempervirens,V03AX,,unresolved
Gemcitabina,L01BC,12574,raw
Gefapixant Citrato,R05DB,,unresolved
Gemcitabina Cloridrato,L01BC,12574,salt
Gemfibrozil,C10AB,4719,raw
Gemtuzumab Ozogamicin,L01FX,1294580,raw
Gentamicina,J01GB,1596450,raw
Ginepro,V03AX,,unresolved
Gentiana Lutea,V03AX,,unresolved
Gentamicina Solfato,J01GB,1596450,salt
Gilteritinib,L01EX,2105806,raw
Givinostat,M09AX,2678889,raw
Givosiran,A16AX,2265712,raw
Glicerofosforiletanolamina Monoidrata,N06BX,,unresolved
Glasdegib,L01XJ,2105845,raw
Glatiramer Acetato,L03AX,214582,salt
Glibenclamide,A10BB,4815,raw
Glicerolo,A06AX,4910,raw
Glicosaminoglicanopolisolfato,C05BA,,unresolved
Glicerolo Felbutirrato,A16AX,,unresolved
Gliclazide,A10BB,4816,raw
Glicopirronio,D11AA,1546438,raw
Glonoinum,V03AX,,unresolved
Glimepiride,A10BB,25789,raw
Glipizide,A10BB,4821,raw
Gliquidone,A10BB,25793,raw
Glofitamab,L01FX,2639782,raw
Glicopirronio Bromuro,R03BB,,unresolved
Glucagone,H04AA,4832,raw
Glucosamina Solfato Cristallina,M01AX,4845,salt
Glucosio,V04CA,,unresolved
Glucarpidasi,V03AF,1242127,raw
Glutatione Sodico,V03AB,4890,salt
Gnaphalium Polycephalum,V03AX,,unresolved
Gonadorelina,H01CA,6384,raw
Golimumab,L04AB,819300,raw
Glucosio (Destrosio) Anidro,B05BA,,unresolved
Glucosio (Destrosio) Monoidrato,B05BA,,unresolved
Gonadotropina Corionica,G03GA,340705,raw
Goserelin Acetato,L02AE,50610,salt
Gozetotide,V09IX,2588949,raw
Granisetron,A04AA,26237,raw
Granisetron Cloridrato,A04AA,26237,salt
Granisetrone Cloridrato,A04AA,26237,salt
Graphites,V03AX,,unresolved
Grindelia,V03AX,,unresolved
Grindelia Robusta,V03AX,,unresolved
Griseofulvina,D01BA,5021,raw
Guaiacum,V03AX,,unresolved
Guaifenesina,R05CA,5032,raw
Guanfacina,C02AC,40114,raw
Guselkumab,L04AC,1928588,raw
Harpagophythum Procumbens,V03AX,,unresolved
Hamamelis Virginiana,V03AX,,unresolved
Hedera Helix,V03AX,,unresolved
Hekla Lava,V03AX,,unresolved
Helleborus Niger,V03AX,,unresolved
Helonias Dioica,V03AX,,unresolved
Hepar Sulfur,V03AX,,unresolved
Herpes Simplex,V03AX,,unresolved
Herpes Zoster,V03AX,,unresolved
Humulus Lupulus,V03AX,,unresolved
Hydrastis Canadensis,V03AX,,unresolved
Hydrocotyle Asiatica,V03AX,,unresolved
Hyoscyamus Niger,V03AX,,unresolved
Hypericum Perforatum,V03AX,,unresolved
Ibandronato Sodico Monoidrato,M05BA,115264,salt
Ibopamina Cloridrato,S01FB,51253,salt
Ibritumomab Tiuxetano,V10XX,,unresolved
Ibrutinib,L01EL,1442981,raw
Ibuprofen,M01AE,5640,raw
Ibuprofene,M01AE,5640,raw
Ibuprofene Sale Di Arginina,M01AE,5640,salt
Ibuprofene Sodico,M01AE,5640,salt
Ibuprofene Sale Di Lisina,M02AA,5640,salt
Ibuprofene Isobutanolammonio,G02CC,5640,raw
Ibuprofene Sodico Diidrato,M01AE,5640,salt
Ibutilide,C01BD,41289,raw
Icatibant,B06AC,1148138,raw
Icatibant Acetate,B06AC,1294605,raw
Icosapent Etile,C10AX,,unresolved
Idarubicina Cloridrato,L01DB,5650,salt
Idebenone,N06BX,51296,raw
Idarucizumab,V03AB,1716191,raw
Idecabtagene Vicleucel,L01XL,2536430,raw
Idelalisib,L01EM,1544460,raw
Idroclorotiazide,C09BA,,unresolved
Idrocortisone,H02AB,5492,raw
Idrocortisone Acetato,D07AA,5492,salt
Idrocortisone Butirrato,D07AB,5492,raw
Idrossicarbamide,L01XX,,unresolved
Idrocortisone Sodio Fosfato,S01BA,5492,salt
Idrossiclorochina,P01BA,,unresolved
Idrocortisone Sodio Succinato,H02AB,5492,salt
Idromorfone,N02AA,3423,raw
Idromorfone Cloridrato,N02AA,3423,salt
Idrossocobalamina,V03AB,,unresolved
Idrossizina Cloridrato,N05BB,5553,salt
Idrossizina,N05BB,5553,raw
Idrossizina Dicloridrato,N05BB,5553,raw
Idroxizina Dicloridrato,N05BB,,unresolved
Idrossiclorochina Solfato,P01BA,,unresolved
Idroxicarbamide,L01XX,5552,raw
Idursulfase,A16AB,644101,raw
Idroxocobalamina,B03BA,5514,raw
Ifosfamide,L01AA,5657,raw
Ignatia,V03AX,,unresolved
Iloprost,B01AC,40138,raw
Iloprost Sale Di Trometamolo,B01AC,40138,salt
Imatinib,L01EA,282388,raw
Imatinib (Td),L01EA,282388,raw
Imatinib Mesilato,L01EA,282388,salt
Imetelstat,L01XX,2685236,raw
Imiglucerasi,A16AB,84959,raw
Imipenem + Cilastatina,J01DH,34482,raw
Imlifidase,L04AA,,unresolved
Imiquimod,D06BB,59943,raw
Imlunestrant,L02BA,,unresolved
Immunoglobulina A Umana,J06BB,,unresolved
"Immunoglobulina Anti-Linfociti T Per Uso Umano, Equina",L04AA,107044,raw
Immunoglobulina Di Coniglio Anti-Linfociti T Umani,L04AA,107044,salt
Immunoglobulina Umana Antiepatite B,J06BB,26744,raw
Immunoglobulina Umana Anti-D,J06BB,35465,raw
Immunoglobulina Umana Antitetanica,J06BB,,unresolved
Immunoglobulina Umana Normale,J06BA,,unresolved
Immunoglobulina Umana Normale Per Uso Endovenoso,J06BA,,unresolved
Immunoglobulina Di Coniglio Antitimociti Umani,L04AA,,unresolved
Immunoglobulina Umana Uso Endovenoso,J06BA,,unresolved
Immunoglobulina Umana Rh0,J06BB,35465,raw
Indacaterolo,R03AC,1114326,raw
Inclisiran,C10AX,2588243,raw
Indapamide Emidrato,C03BA,5764,raw
Indapamide,C03BA,5764,raw
Indio (111In) Ossina,V09HB,,unresolved
Indio (111In) Dtpa,V09AX,,unresolved
Indobufene,B01AC,27518,raw
Indometacina,S01BC,5781,raw
Inebilizumab,L04AG,2373951,raw
Indometacina Sale Di Meglumina,M01AB,5781,salt
"Influenza, Inactivated, Split Virus Or Surface Antigen",J07BB,,unresolved
Infliximab,L04AB,191831,raw
Inibitore Dell''Alfa1-Proteinasi Umano,B02AB,535,raw
Inibitore Umano C1-Esterasi,B06AC,1599832,raw
Inotuzumab Ozogamicin,L01FB,1942950,raw
Inotersen,N07XX,2099289,raw
Insulina Degludec,A10AE,1670007,raw
Insulina Aspart,A10AB,51428,raw
Insulina Detemir,A10AE,139825,raw
Insulina Glargine,A10AE,274783,raw
Insulina Icodec,A10AE,2740394,raw
Insulina Glulisina,A10AB,400008,raw
Insulina Umana,A10AB,253182,raw
Insulina Lispro,A10AB,86009,raw
Interferone Alfa-2A Pegilato,L03AB,5879,raw
Interferone Beta 1A Ricombinante,L03AB,75917,raw
Interferone Beta 1B,L03AB,72257,raw
Interferone Beta-1A,L03AB,75917,raw
Interleuchina 2,V03AX,,unresolved
Iobenguano,V09IX,14448,raw
Interferone Gamma 1B,L03AB,,unresolved
Iobenguano (123I),V09IX,1426748,raw
Iodio,V08AB,,unresolved
Iobitridolo,V08AB,87639,raw
Iodum,V03AX,,unresolved
Ioexolo,V08AB,,unresolved
Iodio Ioflupano-123I,V09AB,1426874,raw
Iodixanolo,V08AB,27729,raw
Iodopovidone,D08AG,8611,raw
Ioflupane (123I),V09AB,1426874,raw
Iomeprolo,V08AB,2606484,raw
Iopamidolo,V08AB,5966,raw
Ioversolo,V08AB,27792,raw
Ipeca,V03AX,,unresolved
Iperico Estratto Secco,N06AX,,unresolved
Ipilimumab,L01FX,1094833,raw
Ippocastano Semi,C05CX,,unresolved
Ipratropio Bromuro,R03BB,7213,salt
Ipratropio Bromuro (Monoidrato),R01AX,7213,salt
Iptacopan,L04AJ,2671061,raw
Irbesartan,C09CA,83818,raw
Irinotecan,L01CE,51499,raw
Irinotecan Cloridrato Triidrato,L01CE,51499,salt
Isatuximab,L01FC,2282018,raw
Iris Versicolor,V03AX,,unresolved
Isoconazolo Nitrato,G01AF,27901,salt
Isavuconazolo,J02AC,1720882,raw
Isoflurane,N01AB,6026,raw
Isoflurano,N01AB,6026,raw
Isoniazide,J04AC,6038,raw
Isoprenalina Cloridrato,C01CA,6054,salt
Isosorbide Mononitrato,C01DA,28004,raw
Isosorbide Dinitrato,C01DA,6058,raw
Isotretinoina,D10BA,6064,raw
Isradipina,C08CA,33910,raw
Istamina Dicloridrato,L03AX,5333,raw
Itopride Cloridrato,A03FA,,unresolved
Itraconazolo,J02AC,28031,raw
Ivabradina,C01EB,1649480,raw
Ittrio (90Y) Citrato,V10AA,,unresolved
Ivabradina Cloridrato,C01EB,1649480,salt
Ivabradina Ossalato,C01EB,1649480,raw
Ivermectina,P02CF,6069,raw
Ivacaftor,R07AX,1243041,raw
Ivosidenib,L01XM,2049873,raw
Ixekizumab,L04AC,1745099,raw
Ixazomib,L01XG,1723735,raw
Jaborandi,V03AX,,unresolved
Juglans Regia,V03AX,,unresolved
Kalium Bichromicum,V03AX,,unresolved
Kalium Bromatum,V03AX,,unresolved
Kalium Carbonicum,V03AX,,unresolved
Kalium Iodatum,V03AX,,unresolved
Kalium Muriaticum,V03AX,,unresolved
Kalium Nitricum,V03AX,,unresolved
Kalium Phosphoricum,V03AX,,unresolved
Kalnacitrato,G04BC,,unresolved
Kalium Sulfuricum,V03AX,,unresolved
Kalmia Latifolia,V03AX,,unresolved
Ketamina Cloridrato,N01AX,6130,salt
Ketazolam,N05BA,28181,raw
Ketoprofene,M01AE,6142,raw
Ketoconazolo,D01AC,6135,raw
Ketoprofene Sale Di Lisina,M01AE,6142,salt
Ketorolac Trometamina,M01AB,28200,raw
Ketorolac Trometamolo,M01AB,35827,raw
Ketotifene,S01GX,6146,raw
Ketotifene Fumarato Acido,S01GX,6146,salt
Kreosotum,V03AX,,unresolved
L-Carnitina Sale Interno,A16AA,42955,raw
L-Cistina,D11AX,,unresolved
L-Lisina,B05BA,,unresolved
Lachesis,V03AX,,unresolved
Labetalolo Cloridrato,C07AG,6185,salt
L-Arginina Cloridrato,V03AB,,unresolved
Lachnanthes Tinctoria,V03AX,,unresolved
Lacidipina,C08CA,28382,raw
Lacidipine,C08CA,28382,raw
Lactobacillus Plantarum,G01AX,,unresolved
Lacosamide,N03AX,623400,raw
Lamium Album,V03AX,,unresolved
Lamivudina,J05AF,68244,raw
Lamotrigina,N03AX,28439,raw
Lanadelumab,B06AC,2055641,raw
Landiololo Cloridrato,C07AB,2712070,salt
Lanreotide,H01CB,68092,raw
Lansoprazolo,A02BC,17128,raw
Lantanio Carbonato Idrato,V03AE,,unresolved
Lapatinib,L01EH,480167,raw
Laronidasi,A16AB,392509,raw
Lasmiditan,N02CC,2256930,raw
Larotrectinib Solfato,L01EX,2105628,salt
Lattulosio,A06AD,,unresolved
Latanoprost,S01EE,43611,raw
Lattitolo,A06AD,28395,raw
Laurocerasus,V03AX,,unresolved
Lazertinib,L01EB,2691150,raw
Lavanda Essenza,N05BX,,unresolved
Lebrikizumab,D11AH,2693758,raw
Lecanemab,N06DX,2626143,raw
Ledum Palustre,V03AX,,unresolved
Lefamulin,J01XX,2198944,raw
Leflunomide,L04AK,27169,raw
Lenacapavir,J05AX,2625651,raw
Legamenti Articolazione Ginocchio,V03AX,,unresolved
Lenvatinib,L01EX,1603296,raw
Lenalidomide,L04AX,342369,raw
Lenvatinib Mesilato,L01EX,1603296,salt
Leptandra Virginica,V03AX,,unresolved
Lercanidipina Cloridrato,C08CA,135056,salt
Lercanidipina,C08CA,135056,raw
Letrozolo,L02BG,72965,raw
Letermovir,J05AX,1988648,raw
Leucina,B05BA,,unresolved
Levoacetilcarnitina,N06BX,,unresolved
Levacetilleucina,N07XX,2375522,raw
Leuprorelina,L02AE,42375,raw
Leuprorelina Acetato,L02AE,42375,salt
Levetiracetam,N03AX,114477,raw
Levobunololo Cloridrato,S01ED,1813,salt
Levobupivacaina Cloridrato,N01BB,259453,salt
Levocabastina Cloridrato,S01GX,28627,salt
Levocarnitina,A16AA,42955,raw
Levocarnitine,A16AA,42955,raw
Levocetirizina Dicloridrato,R06AE,356887,raw
Levocloperastina Fendizoato,R05DB,,unresolved
Levocetirizine,R06AE,356887,raw
Levodropropizina,R05DB,52014,raw
Levodopa,N04BA,6375,raw
Levofloxacina,J01MA,82122,raw
Levofloxacin,S01AE,82122,raw
Levofloxacina Emiidrato,J01MA,82122,raw
Levomepromazina,N05AA,6852,raw
Levopropionilcarnitina,A16AA,,unresolved
Levosulpiride,N05AL,,unresolved
Levometadone Cloridrato,N07BC,236913,salt
Levonorgestrel,G03AD,6373,raw
Levosimendan,C01CX,73107,raw
Levothyroxine Sodium,H03AA,40144,raw
Levotiroxina Sodica,H03AA,10582,salt
Lidocaina,N01BB,6387,raw
Lidocaina Cloridrato,N01BB,6387,salt
Lidocaine,N01BB,6387,raw
Lidocaina Cloridrato Monoidrato,N01BB,6387,salt
Lilium Tigrinum,V03AX,,unresolved
Linaclotide,A06AX,1307404,raw
Linagliptin,A10BH,1100699,raw
Lincomicina,J01FF,6398,raw
Linezolid,J01XX,190376,raw
Lievito Di Birra,C05AX,,unresolved
Linzagolix Colina,H01CC,2621019,raw
Linvoseltamab,L01FX,2719416,raw
Liotironina Sodica,H03AA,10814,salt
Lipegfilgrastim,L03AA,1440046,raw
Liraglutide,A10BJ,475968,raw
Lisato Batterico Polivalente,J07AX,,unresolved
Lisdexamfetamine,N06BA,700810,raw
Lisina Acetilsalicilato,B01AC,1191,raw
Litio,N05AN,,unresolved
Lisinopril,C09AA,29046,raw
Lisinopril Diidrato,C09AA,29046,raw
Lisozima Cloridrato,A09AA,,unresolved
Litio Carbonato,N05AN,,unresolved
Lobelia Inflata,V03AX,,unresolved
Lonafarnib,A16AX,2467553,raw
Lomitapide,C10AX,1364479,raw
Lonapegsomatropin,H01AC,2569562,raw
Loncastuximab Tesirine,L01FX,2540964,raw
Lonoctogoc Alfa,B02BD,1796377,raw
Loperamide,A07DA,6468,raw
Loperamide Cloridrato,A07DA,6468,salt
Loratadina,R06AX,28889,raw
Lorazepam,N05BA,6470,raw
Lorlatinib,L01ED,2103164,raw
Lormetazepam,N05CD,28894,raw
Losartan,C09CA,52175,raw
Losartan Potassico,C09CA,52175,salt
Loteprendololo Etabonato,S01BA,,unresolved
Lovastatina,C10AA,6472,raw
Loxapina,N05AH,6475,raw
Luesinum,V03AX,,unresolved
Lumasiran,A16AX,2467140,raw
Lurasidone,N05AE,1040028,raw
Lurasidone Cloridrato,N05AE,1040028,salt
Luspatercept,B03XA,2262544,raw
Lutezio (177Lu) Oxodotreotide,V10XX,1999335,raw
Lutezio (177Lu) Vipivotide Tetraxetan,V10XX,2597053,raw
Lutropina Alfa,G03GA,388084,raw
Lycopus Virginicus,V03AX,,unresolved
Lycopodium Clavatum,V03AX,,unresolved
Macimorelina,V04CD,1999420,raw
Macitentan,C02KX,1442132,raw
Macrogol 3350,A06AD,,unresolved
Macrogol,A06AD,8516,raw
Magaldrato,A02AD,29151,raw
Macrogol 4000,A06AD,,unresolved
Magnesia Carbonica,V03AX,,unresolved
Magnesia Muriatica,V03AX,,unresolved
Magnesia Phosphorica,V03AX,,unresolved
Magnesia Sulfurica,V03AX,,unresolved
Magnesio Idrossido,A02AA,,unresolved
Magnesio Pidolato,A12CC,,unresolved
Magnesium Metallicum,V03AX,,unresolved
Mandragora Officinarum,V03AX,,unresolved
Manganum Metallicum,V03AX,,unresolved
Mannitolo,B05BC,6628,raw
Manidipina Cloridrato,C08CA,29275,salt
Magnesio Solfato Eptaidrato,B05XA,,unresolved
Maprotilina Cloridrato,N06AA,6646,salt
Maralixibat Cloruro,A05AX,2571074,raw
Maribavir,J05AX,2586068,raw
Maraviroc,J05AX,620216,raw
Marstacimab,B02BX,2697133,raw
Mavacamten,C01EB,2600867,raw
Mebendazolo,P02CA,6672,raw
Mebeverina Cloridrato,A03AA,29410,salt
Mecasermina,H01AC,274403,raw
Medorrhinum,V03AX,,unresolved
Meclociclina Solfosalicilato,D06AA,,unresolved
Medrossiprogesterone Acetato,G03DA,6691,salt
Meflochina Cloridrato,P01BC,,unresolved
Melatonina,N05CH,6711,raw
Melfalan Flufenamide,L01AA,2531369,raw
Melfalan Cloridrato,L01AA,6718,salt
Megestrolo Acetato,L02AB,6703,salt
Melfalan,L01AA,6718,raw
Melilotus Alba,V03AX,,unresolved
Meloxicam,M01AC,41493,raw
Melphalan,L01AA,6718,raw
Memantina Cloridrato,N06DX,6719,salt
Mentha Piperitae Aetheroleum,A03AX,33094,raw
Menotropina,G03GA,,unresolved
Menta Essenza,A03AX,,unresolved
Mepartricina,G04CX,,unresolved
Mentolo,D04AX,,unresolved
Mepivacaina Cloridrato,N01BB,6759,salt
Mepolizumab,R03DX,1720597,raw
Mercaptamina,A16AA,3022,raw
Mercaptamina Bitartrato,A16AA,3022,raw
Mercaptobenzotiazolo,V04CL,,unresolved
Mercurius Corrosivus,V03AX,,unresolved
Mercaptopurina,L01BB,103,raw
Mercurius Cyanatus,V03AX,,unresolved
Mercurius Dulcis,V03AX,,unresolved
Mercurius Solubilis,V03AX,,unresolved
Meropenem,J01DH,29561,raw
Mertiatide,V09CA,,unresolved
Mesna,V03AF,44,raw
Meropenem Triidrato,J01DH,29561,salt
Mesalazina,A07EC,52582,raw
Metacolina Cloruro,V04CX,,unresolved
Metadoxina,N07BB,,unresolved
Mesoglicano Sodico,B01AB,,unresolved
Metadone Cloridrato,N07BC,6813,salt
Metaraminolo Bitartrato,C01CA,6806,raw
Metamizolo Sodico,N02BB,3523,salt
Metergolina,G02CB,6834,raw
Metformina,A10BA,6809,raw
Metformina Cloridrato,A10BA,6809,salt
Methylprednisolone,H02AB,6902,raw
Metildopa,C02AB,6876,raw
Metile Salicilato,M02AC,,unresolved
Metilergometrina Maleato,G02AB,6883,salt
Metilfenidato,N06BA,6901,raw
Metilfenidato Cloridrato,N06BA,6901,salt
Metil Aminolevulinato Cloridrato,L01XD,,unresolved
Metilnaltrexone,A06AH,29899,raw
Metilprednisolone,H02AB,6902,raw
Metilprednisolone Aceponato,D07AC,62136,raw
Metilprednisolone Acetato,H02AB,6902,salt
Metilprednisolone Emisuccinato Sodico,H02AB,6902,salt
Metilprednisolone Idrogeno Succinato Sodico,H02AB,6902,salt
Metilprednisolone Sodio Succinato,H02AB,6902,salt
Metiltioninio Cloruro,V03AB,6878,raw
Metirapone,V04CD,6923,raw
Metoclopramide,A03FA,6915,raw
Metoclopramide Cloridrato,A03FA,6915,salt
Metolazone,C03BA,6916,raw
Metoprololo,C07AB,6918,raw
Metoprololo Tartrato,C07AB,6918,salt
Metossipolietilenglicole-Epoetina Beta (Cera),B03XA,,unresolved
Metoxalene,L03AX,,unresolved
Metotrexato,L04AX,6851,raw
Metotrexato Sodico,L01BA,6851,salt
Metoxsalene,L03AX,,unresolved
Metreleptina,A16AA,1491625,raw
Mezereum,V03AX,,unresolved
Mexiletina Cloridrato,C01BB,6926,salt
Metronidazolo,J01XD,6922,raw
Mianserina Cloridrato,N06AX,6929,salt
Micafungina,J02AX,325887,raw
Micafungina Sodica,J02AX,325887,salt
Micofenolato Mofetile,L04AA,,unresolved
Miconazolo,A01AB,6932,raw
Miconazolo Nitrato,D01AC,6932,salt
Micofenolato Sodico,L04AA,,unresolved
Midazolam,N05CD,6960,raw
Midazolam Cloridrato,N05CD,6960,salt
Midodrina Cloridrato,C01CA,6963,salt
Midazolam Maleato,N05CD,6960,salt
Mifamurtide,L03AX,,unresolved
Midostaurina,L01EX,1919083,raw
Mifepristone,G03XB,6964,raw
Migalastat,A16AX,2054252,raw
Miglustat,A16AX,402316,raw
Minociclina Dicloridrato,J01AA,6980,raw
Minoxidil,D11AX,6984,raw
Mirabegron,G04BD,1300786,raw
Mirtillina,C05CA,,unresolved
Mirdametinib,L01EE,2705551,raw
Mirikizumab,L04AC,2668384,raw
Mirtazapina,N06AX,15996,raw
Mirvetuximab Soravtansine,L01FX,2621548,raw
Misoprostolo,G02AD,42331,raw
Mitapivat,B06AX,2594468,raw
Mitomicina,L01DC,632,raw
Mitotano,L01XX,7004,raw
Mitoxantrone Cloridrato,L01DB,7005,salt
Mivacurio Cloruro,M03AC,30077,raw
Mizolastina,R06AX,61455,raw
Modafinil,N06BA,30125,raw
Mogamulizumab,L01FX,2054068,raw
Momelotinib,L01EJ,2665204,raw
Mometasone,R01AD,108118,raw
Mometasone Furoato,R01AD,108118,salt
Mometasone Furoato Monoidrato,R01AD,108118,salt
Momordica Balsamina,V03AX,,unresolved
Montelukast,R03DC,88249,raw
Montelukast Sodico,R03DC,88249,salt
Morfina Cloridrato,N02AA,7052,salt
Monossido Di Azoto,R07AX,,unresolved
Morfina Solfato,N02AA,7052,salt
Morniflumato,M01AX,30225,raw
Moroctocog Alfa,B02BD,1300485,raw
Mosunetuzumab,L01FX,2625122,raw
Moxifloxacina,J01MA,139462,raw
Moxifloxacina Cloridrato,J01MA,139462,salt
Moxonidina,C02AC,30257,raw
Mrna Che Codifica Per Kp.2,J07BN,2691218,raw
Mrna Che Codifica Per Lp.8.1,J07BN,2722594,raw
Mupirocina,D06AX,42372,raw
Mucosa Gastrica,V03AX,,unresolved
Mupirocina Calcica,D06AX,42372,raw
Mrna A Singola Elica Con Capping In 5? Che Codifica La Glicoproteina F Del Virus Respiratorio Sinciziale Stabilizzata Nella Conformazione Di Pre-Fusione,J07BX,,unresolved
Mycoplasma,V03AX,,unresolved
N-Acetil-L-Cisteina,R05CB,,unresolved
Nabumetone,M01AX,31448,raw
N.D.,V03AX,,unresolved
Nadifloxacina,D10AF,,unresolved
Nadololo,C07AA,7226,raw
Nadroparina Calcica,B01AB,67031,raw
Nafazolina,R01AA,7247,raw
Nafazolina Cloridrato,R01AA,7247,salt
N-Butilscopolamina Bromuro,A03BB,,unresolved
Nafazolina Nitrato,R01AA,7247,salt
Naftifina Cloridrato,D01AE,31476,salt
Naldemedina,A06AH,1876597,raw
Nalmefene,N07BB,31479,raw
Naloxone (Td),V03AB,7242,raw
Naloxegol,A06AH,1551777,raw
Naloxone Cloridrato,V03AB,7242,salt
Naloxone Cloridrato Diidrato,V03AB,7242,salt
Naltrexone Cloridrato,N07BB,7243,salt
Naphthalinum,V03AX,,unresolved
Naproxene,M01AE,7258,raw
Naproxene Sodico,M01AE,7258,salt
Natalizumab,L04AG,354770,raw
Naprossene Sodico,M01AE,,unresolved
Natrium Carbonicum,V03AX,,unresolved
Natrium Muriaticum,V03AX,,unresolved
Natrium Phosphoricum,V03AX,,unresolved
Natrium Silicicum,V03AX,,unresolved
Nebivololo,C07AB,31555,raw
Natrium Sulfuricum,V03AX,,unresolved
Nebivololo Cloridrato,C07AB,31555,salt
Nelarabina,L01BB,274771,raw
Nemolizumab,D11AH,2691310,raw
Nepafenac,S01BC,298665,raw
Neratinib,L01EH,1940643,raw
Netarsudil,S01EX,1992864,raw
Netilmicina,S01AA,7337,raw
Netilmicina Solfato,S01AA,7337,salt
Nevirapina,J05AG,53654,raw
Niaouli Essenza,R01AX,,unresolved
Nicardipina Cloridrato,C08CA,7396,salt
Niccolum Metallicum,V03AX,,unresolved
Niclosamide,P02DA,7402,raw
Nicotina,N07BA,7407,raw
Nichel Solfato Esaidrato,V04CL,,unresolved
Nicotina Resinato,N07BA,7407,raw
Nicotinamide,A11HA,7405,raw
Nifedipina,C08CA,7417,raw
Nifuratel,G01AX,7419,raw
Nilotinib,L01EA,662281,raw
Nilotinib Dicloridrato Diidrato,L01EA,662281,raw
Nimesulide,M01AX,53694,raw
Nimesulide Betaciclodestrina,M01AX,53694,raw
Nimodipina,C08CA,7426,raw
Nintedanib,L01EX,1592737,raw
Nintedanib Esilato,L01EX,1592737,raw
Nipocalimab,L04AL,2712693,raw
Niraparib,L01XK,1918231,raw
Nirsevimab,J06BD,2642401,raw
Nistatina,A07AA,7597,raw
Nitisinone,A16AX,61805,raw
Nitrazepam,N05CD,7440,raw
Nitrendipina,C08CA,7441,raw
Nitrofurantoina,J01XE,7454,raw
Nitrofurantoina Macrocristalli,J01XE,7454,raw
Nitroglicerina,C01DA,4917,raw
Nitrous Oxide,R07AX,,unresolved
Nivolumab,L01FF,1597876,raw
Nogapendekin Alfa Inbakicept,L03AC,2682678,raw
Nomegestrolo Acetato,G03DB,31930,salt
Nonacog Alfa (Fattore Ix Di Coagulazione. Ricombinante),B02BD,1300488,salt
Nonacog Beta Pegilato,B02BD,1990855,raw
Noradrenalina Tartrato,C01CA,2256931,salt
Nordazepam,N05BA,3155,raw
Norepinefrina,C01CA,7512,raw
Noretisterone Acetato,G03DC,7514,salt
Norfloxacina,J01MA,7517,raw
Nortriptilina,N06AA,7531,raw
Nortriptilina Cloridrato,N06AA,7531,salt
Nuphar Luteum,V03AX,,unresolved
Nusinersen,M09AX,1863556,raw
Nux Moschata,V03AX,,unresolved
Nux Vomica,V03AX,,unresolved
Obinutuzumab,L01FA,974779,raw
Occhio Totale,V03AX,,unresolved
Ocrelizumab,L04AG,1876366,raw
Octocog Alfa,B02BD,1300486,raw
Octofluoropropano,V08DA,,unresolved
Octreotide,H01CB,7617,raw
Odronextamab,L01FX,,unresolved
Octreotide Acetato,H01CB,7617,salt
Odevixibat,A05AX,2563966,raw
Ofatumumab,L04AG,712566,raw
Ofloxacin,S01AE,7623,raw
Ofloxacina,S01AE,7623,raw
Olanzapina,N05AH,61381,raw
Olaparib,L01XK,1597582,raw
Olanzapina Pamoato Monoidrato,N05AH,61381,salt
Olezarsen,C10AX,,unresolved
Olio Etiodato,V08AD,,unresolved
Olodaterolo,R03AC,1546059,raw
Olmesartan Medoxomil,C09DA,,unresolved
Olipudase Alfa,A16AB,2610407,raw
Olopatadina,S01GX,135391,raw
Olopatadina Cloridrato,S01GX,135391,salt
Omalizumab,R03DX,302379,raw
Omega 3 Polinsaturi,C10AX,,unresolved
Omega-3-Triglycerides Incl. Other Esters And Acids,C10AX,,unresolved
Omeprazolo,A02BC,7646,raw
Omeprazolo Sodico,A02BC,7646,salt
Omodimero Di Fusione Dell?Rbd Della Proteina Ricombinante Del Virus Sars-Cov-2 (Ceppo Lp.8.1- Lp.8.1),J07BN,2722424,salt
Onasemnogene Abeparvovec,M09AX,2170226,raw
Omega Polienoici (Esteri Etilici Di Acidi Grassi Polinsaturi),C10AX,,unresolved
Ondansetron Cloridrato Diidrato,A04AA,26225,salt
Ondansetron,A04AA,26225,raw
Ondansetrone,A04AA,26225,raw
Ondansetrone Cloridrato,A04AA,26225,salt
Opicapone,N04BX,2362167,raw
Orfenadrina Cloridrato,N04AB,7715,salt
Origanum Vulgare,V03AX,,unresolved
Oritavancina,J01XA,1547611,raw
Orlistat,A08AB,37925,raw
Ornithogallum Umbellatum,V03AX,,unresolved
Oseltamivir,J05AH,260101,raw
Oseltamivir Fosfato,J05AH,260101,salt
Osimertinib,L01EB,1721560,raw
Osilodrostat,H02CA,2286252,raw
Ossibenzone,V04CL,,unresolved
Ospemifene,G03XC,1370971,raw
Osmium Metallicum,V03AX,,unresolved
Ossi-Idrossido Sucroferrico,V03AE,1484283,raw
Ossibutinina Cloridrato,G04BD,,unresolved
Ossitocina,H01BB,,unresolved
Ossicodone Cloridrato,N02AA,,unresolved
Ossigeno,V03AN,,unresolved
Otilonio Bromuro,A03AB,32311,salt
Oxacillina,J01CF,7773,raw
Oxacillina Sodica,J01CF,7773,salt
Oxaliplatino,L01XA,32592,raw
Ossido Di Zinco,D02AB,,unresolved
Oxatomide,R06AE,54236,raw
Oxazepam,N05BA,7781,raw
Oxcarbazepina,N03AF,32624,raw
Oxibuprocaina Cloridrato,S01HA,18889,salt
Oxerutina,C05CA,,unresolved
Oxibutinina Cloridrato,G04BD,32675,salt
Oxicodone Cloridrato,N02AA,219740,salt
Oximetazolina Cloridrato,R01AA,7812,salt
Oxitocina,H01BB,7824,raw
Ozanimod Cloridrato,L04AE,2288236,salt
Oxolamina Citrato,R05DB,32658,salt
Oxitriptano,N06AX,94,raw
Ozenoxacina,D06AX,1994739,raw
Padeliporfina,L01XD,,unresolved
Paclitaxel,L01CD,56946,raw
Paeonia Officinalis,V03AX,,unresolved
Palbociclib,L01EF,1601374,raw
Paliperidone,N05AX,679314,raw
Palivizumab,J06BD,194279,raw
Paliperidone Palmitato,N05AX,858045,raw
Palladium Metallicum,V03AX,,unresolved
Palonosetron (Td),A04AA,70561,raw
Palopegteriparatide,H05AA,2693635,raw
Palonosetron Cloridrato,A04AA,70561,salt
Pamidronato Disodico,M05BA,,unresolved
Pancrelipasi,A09AA,743,raw
Panitumumab,L01FE,263034,raw
Panobinostat,L01XH,1603350,raw
Pantetina,A11HA,32863,raw
Pantoprazolo,A02BC,40790,raw
Pantoprazolo Sodico Sesquidrato,A02BC,236632,salt
Papaver Somniferum L. Tintura,A07DA,7676,raw
Papaverina Cloridrato,A03AD,7895,salt
Parabeni Mix,V04CL,,unresolved
Paracalcitolo,H05BX,73710,raw
Paracetamol,N02BE,161,raw
Paracetamolo,N02BE,161,raw
Paraffina Liquida,A06AA,6972,raw
Parecoxib Sodico,M01AH,279950,salt
Paris Quadrifolia,V03AX,,unresolved
Pareira Brava,V03AX,,unresolved
Parnaparina,B01AB,69528,raw
Paromomicina,A07AA,7934,raw
Paromomicina Solfato,A07AA,7934,salt
Paroxetina,N06AB,32937,raw
Paroxetina Cloridrato,N06AB,32937,salt
Paroxetina Cloridrato Emiidrato,N06AB,32937,salt
Paroxetina Mesilato,N06AB,32937,salt
Pasireotide,H01CB,1364105,raw
Passiflora Parti Aeree (Passiflora Incarnata L.) Estratto Secco,N05CM,,unresolved
Patiromer,V03AE,,unresolved
Patisiran,N07XX,2053490,raw
Pazopanib,L01EX,714438,raw
Pazopanib Cloridrato,L01EX,714438,salt
Pegaspargase,L01XX,34132,raw
Pegcetacoplan,L04AJ,2557372,raw
Patiromer Calcio Sorbitolo,V03AE,,unresolved
Pegfilgrastim,L03AA,338036,raw
Peginterferone Beta-1,L03AB,75917,raw
Pegunigalsidase Alfa,A16AB,2637446,raw
Pegvaliase,A16AB,2046360,raw
Pegvisomant,H01AX,278739,raw
Pegzilarginasi,A16AB,2738648,raw
Pembrolizumab,L01FF,1547545,raw
Pemetrexed,L01BA,68446,raw
Pemetrexed Disodico,L01BA,282443,raw
Pemetrexed Disodico Emipentaidrato,L01BA,2056898,raw
Pemigatinib,L01EN,2359268,raw
Penicillina G Potassica,J01CE,203133,raw
Pentamidina Isetionato,P01CX,7994,raw
Penciclovir,D06BB,59839,raw
Pentetreotide,V09IB,,unresolved
Pentosano Polisolfato Sodico,G04BX,155046,salt
Pentossifillina,C04AD,,unresolved
Pentossiverina,R05DB,,unresolved
Pentostatina,L01XX,8011,raw
Pentoxifillina,C04AD,8013,raw
Perampanel,N03AX,1356552,raw
Perflutreno,V08DA,,unresolved
Perfenazina,N05AB,8076,raw
Periciazina,N05AC,8766,raw
Perindopril,C09AA,54552,raw
Perindopril Erbumina,C09AA,72260,raw
Perindopril Arginina,C09AA,1600711,raw
Perindopril Tosilato,C09AA,54552,raw
Perindopril Tert-Butilamina,C09AA,72260,raw
Permetrina,P03AC,33199,raw
Pertuzumab,L01FD,1298944,raw
Petidina Cloridrato,N02AB,6754,salt
Petroleum,V03AX,,unresolved
Petroselinum Sativum,V03AX,,unresolved
Phellandrium Aquaticum,V03AX,,unresolved
Perossido Di Idrogeno,D08AX,,unresolved
Physostigma Venenosum,V03AX,,unresolved
Phosphorus,V03AX,,unresolved
Phytolacca Decandra,V03AX,,unresolved
Picotamide,B01AC,,unresolved
Pidotimod,L03AX,40450,raw
Piflufolastat (18F),V09IX,2556616,raw
Pilocarpina Nitrato,S01EB,8328,salt
Pilocarpina Cloridrato,N07AX,8328,salt
Pimecrolimus,D11AH,321952,raw
Pimozide,N05AG,8331,raw
Pinaverio Bromuro,A03AX,33724,salt
Pinazepam,N05BA,3322,raw
Pindololo,C07AA,8332,raw
Pioglitazone,A10BG,33738,raw
Pipetanato Etobromuro,A03AA,,unresolved
Piperacillina Sodica,J01CA,8339,salt
Piracetam,N06BX,8351,raw
Pirfenidone,L04AX,1592254,raw
Piridostigmina Bromuro,N07AA,9000,salt
Piridossina Cloridrato,A11HA,,unresolved
Piroxicam,M02AA,8356,raw
Pirtobrutinib,L01EL,2629338,raw
Piroxicam Betaciclodestrina,M01AC,8356,raw
Pitavastatina Calcica,C10AA,861634,raw
Pitolisant,N07XX,2197878,raw
Pivmecillina Cloridrato,J01CA,627,salt
Pixantrone,L01DB,7005,raw
Placenta,V03AX,,unresolved
Platina,V03AX,,unresolved
Plantago Major,V03AX,,unresolved
Plurifloxacina,J01MA,,unresolved
Podofillotossina,D06BB,,unresolved
Plerixafor,L03AX,733003,raw
Plumbum Metallicum,V03AX,,unresolved
Polideribotide,V03AX,,unresolved
Polatuzumab Vedotin,L01FX,2174090,raw
Podophyllum Peltatum,V03AX,,unresolved
Polidocanolo,C05BB,968170,raw
Poliesanide,S01AX,1373041,raw
Poligelina,B05AA,,unresolved
Ponatinib,L01EA,1364347,raw
Pomalidomide,L04AX,1369713,raw
Ponesimod,L04AE,2532300,raw
Posaconazolo,J02AC,282446,raw
Populus Tremula,V03AX,,unresolved
Polvere Sgrassata Di Semi Di Arachis Hypogaea L. (Arachidi),V01AA,,unresolved
Potassio Aspartato,B05XA,,unresolved
Potassio Canrenoato,C03DA,1981,raw
Potassio Lattato,B05XA,,unresolved
Potassio Cloruro,B05XA,1901,raw
Pralidoxima Metilsolfato,V03AB,34345,raw
Potassio Acetato,B05XA,54987,raw
Pramipexolo,N04BC,746741,raw
Pramipexolo Dicloridrato Monoidrato,N04BC,746741,salt
Prasterone,G03XX,3143,raw
Prasugrel,B01AC,613391,raw
Pravastatina,C10AA,42463,raw
Pravastatina Sodica,C10AA,42463,salt
Prazepam,N05BA,8627,raw
Prednisolone,H02AB,8638,raw
Prednisone,H02AB,8640,raw
Pregabalin,N02BF,187832,raw
Pretomanid,J04AK,2198359,raw
Pridinolo Mesilato,M03BX,34479,salt
Prilocaina Cloridrato,N01BB,8686,salt
Proantocianidine,G04BX,,unresolved
Primidone,N03AA,8691,raw
Procarbazina,L01XB,8702,raw
Proclorperazina,A04AD,,unresolved
Proclorperazina Dimaleato,A04AD,,unresolved
Promelasi,B06AA,,unresolved
Procaina Cloridrato,A01AD,,unresolved
Progesterone,G03DA,8727,raw
Promazina,N05AA,8742,raw
Promazina Cloridrato,N05AA,8742,salt
Promestriene,G03CA,34625,raw
Prometazina,D04AA,8745,raw
Prometazina Cloridrato,R06AD,8745,salt
Propafenone Cloridrato,C01BC,8754,salt
Propiverina Cloridrato,G04BD,55175,salt
Propiverine,G04BD,55175,raw
Propofol,N01AX,8782,raw
Propranololo,C07AA,8787,raw
Propranololo Cloridrato,C07AA,8787,salt
Prostata,V03AX,,unresolved
Protamina Cloridrato,V03AB,8826,salt
Protamina Solfato,V03AB,8826,salt
Proteina C Umana,B01AD,8834,raw
Proteina Idrolisata,B05BA,,unresolved
Proteine Plasmatiche Umane,B05AA,,unresolved
Prucalopride,A06AX,2107310,raw
Psorinum,V03AX,,unresolved
Protossido Di Azoto,N01AX,,unresolved
Pulsatilla Pratensis,V03AX,,unresolved
Proteina Spike Ricombinante Di Sars-Cov-2 (Omicron Jn.1) Con Adiuvante Matrix-M,J07BX,,unresolved
Pulsatilla Vulgaris,V03AX,,unresolved
Quetiapina,N05AH,51272,raw
Quetiapina Fumarato,N05AH,51272,salt
Quetiapine,N05AH,51272,raw
Quinapril,C09AA,35208,raw
Quizartinib,L01EX,2643048,raw
Quinapril Cloridrato,C09AA,35208,salt
Rabeprazolo Sodico,A02BC,114979,salt
Rabeprazolo Sodico Monoidrato,A02BC,114979,salt
Racecadotril,A07XA,16738,raw
Radamts13,B01AD,,unresolved
Radio (223Ra) Dicloruro,V10XX,,unresolved
Raloxifene Cloridrato,G03XC,72143,salt
Raltegravir,J05AJ,719872,raw
Raltitrexed,L01BA,196239,raw
Ramipril,C09AA,35296,raw
Ramucirumab,L01FG,1535922,raw
Ranibizumab,S01LA,595060,raw
Ranitidina,A02BA,9143,raw
Ranolazina,C01EB,35829,raw
Ranitidina Cloridrato,A02BA,9143,salt
Ranunculus Bulbosus,V03AX,,unresolved
Raphanus Niger,V03AX,,unresolved
Rasagilina,N04BD,134748,raw
Rasagilina Mesilato,N04BD,134748,salt
Rasburicase,V03AF,283821,raw
Ratania Radice,V03AX,,unresolved
Rathania,V03AX,,unresolved
Ravulizumab,L04AJ,2107301,raw
Raxtozinameran,J07BN,2664825,raw
Reboxetina,N06AX,60842,raw
Regadenoson,C01EB,640062,raw
Regorafenib,L01EX,1312397,raw
Relugolix,L02BX,2472778,raw
Remdesivir,J05AB,2284718,raw
Rene,V03AX,,unresolved
Remifentanil Cloridrato,N01AH,73032,salt
Remimazolam,N05CD,2383941,raw
Repaglinide,A10BX,73044,raw
Repentina,G04CX,,unresolved
Repotrectinib,L01EX,2670644,raw
Resina P-Ter-Butilfenolo Formaldeidica,V04CL,,unresolved
Reslizumab,R03DX,1746889,raw
Resmetirom,A05BA,2677894,raw
Retifanlimab,L01FF,2632981,raw
Rezafungin,J02AX,2639155,raw
Ribavirina,J05AP,9344,raw
Rheum Officinale,V03AX,,unresolved
Ribociclib,L01EF,1873916,raw
Riboflavina,A11JB,,unresolved
Ricinus Communis,V03AX,,unresolved
Rifabutina,J04AB,55672,raw
Rifamicina Sodica,J04AB,35616,salt
Rifampicina,J04AB,9384,raw
Rifaximina,A07AA,35619,raw
Rilpivirina,J05AG,1102270,raw
Riluzolo,N07XX,35623,raw
Rimegepant,N02CD,2282307,raw
Riociguat,C02KX,1439816,raw
Ripretinib,L01EX,2369389,raw
Risankizumab,L04AC,2166040,raw
Risdiplam,M09AX,2390935,raw
Risedronate Sodium,M05BA,,unresolved
Risperidone,N05AX,35636,raw
Ritlecitinib Tosilato,L04AF,2641595,raw
Ritonavir,J05AE,85762,raw
Rituximab,L01FA,121191,raw
Risedronato Sodico,M05BA,,unresolved
Rivaroxaban,B01AF,1114195,raw
Risedronato Sodico Emipentaidrato,M05BA,,unresolved
Rivastigmina,N06DA,183379,raw
Rivastigmina Idrogeno Tartrato,N06DA,183379,salt
Rociverina,A03AA,,unresolved
Rizatriptan,N02CC,88014,raw
Rizatriptan Benzoato,N02CC,237082,raw
Robinia Pseudo Acacia,V03AX,,unresolved
Rocuronio Bromuro,M03AC,68139,salt
Roflumilast,R03DX,1091836,raw
Romiplostim,B02BX,805452,raw
Romosozumab,M05BX,2123126,raw
Ropeginterferone Alfa-2B,L03AB,2587059,raw
Ropinirolo,N04BC,72302,raw
Ropinirolo Cloridrato,N04BC,72302,salt
Ropivacaina,N01BB,35780,raw
Ropivacaina Cloridrato Monoidrato,N01BB,35780,salt
Rosuvastatin Calcium,C10BA,,unresolved
Rosuvastatina,C10AA,301542,raw
Roxadustat,B03XA,,unresolved
Rosuvastatina Sale Di Calcio,C10AA,301542,salt
Rotigotina,N04BC,616739,raw
Roxitromicina,J01FA,9478,raw
Rozanolixizumab,L04AG,2642274,raw
Rubidio Cloruro (82Rb),V09GX,,unresolved
Rucaparib,L01XK,1862579,raw
Rufinamide,N03AF,69036,raw
Rupatadine,R06AX,,unresolved
Rufloxacina Cloridrato,J01MA,,unresolved
Rumex Crispus,V03AX,,unresolved
Sabadilla,V03AX,,unresolved
Rurioctocog Alfa Pegol,B02BD,1741407,raw
Ruta Graveolens,V03AX,,unresolved
Rupatadina Fumarato,R06AX,,unresolved
Ruxolitinib,L01EJ,1193326,raw
Sabal Serrulata,V03AX,,unresolved
Sabina,V03AX,,unresolved
Saccharomyces Boulardii,A07FA,236782,raw
Sacituzumab Govitecan,L01FX,2360232,raw
Sacubitril Valsartan,C09DX,1656339,raw
Safinamide Metansolfonato,N04BD,1922449,raw
Salbutamolo,R03AC,435,raw
Salbutamolo Solfato,R03AC,435,salt
Salmeterolo Xinafoato,R03AC,72616,raw
Samario 153Sm Lexidronam Pentasodico,V10BX,177906,raw
Sambucus Nigra,V03AX,,unresolved
Sanguinaria Canadensis,V03AX,,unresolved
Sapropterina Cloridrato,A16AX,753340,salt
Sapropterina Dicloridrato,A16AX,753340,raw
Sargramostim,L03AA,69634,raw
Sarilumab,L04AC,1923319,raw
Sars-Cov-2 Jn.1 Mrna,J07BN,2468230,raw
Sars-Cov-2 Lp.8.1 Mrna,J07BN,2468230,raw
Sarsaparilla,V03AX,,unresolved
Satralizumab,L04AC,2391541,raw
Sebelipase Alfa,A16AB,1726975,raw
Scopolamina Butilbromuro,A03BB,,unresolved
Saxagliptin,A10BH,857974,raw
Sebetralstat,B06AC,2717944,raw
Secale Cornutum,V03AX,,unresolved
Secukinumab,L04AC,1599788,raw
Seladelpar,A05AX,2690869,raw
Selenio,V03AX,,unresolved
Selegilina Cloridrato,N04BD,9639,salt
Selenio-75Se-Acido Tauroselcolico,V09DX,,unresolved
Selexipag,B01AC,1729002,raw
Selinexor,L01XX,2178390,raw
Selpercatinib,L01EX,2370147,raw
Selumetinib,L01EE,2289380,raw
Semaglutide,A10BJ,1991302,raw
Senecio Aureus,V03AX,,unresolved
Senega,V03AX,,unresolved
Senna,V03AX,,unresolved
Serplulimab,L01FF,,unresolved
Senna Foglia,A06AB,36387,raw
Senna Foglia (Glucosidi Puri),A06AB,36387,raw
Senna Estratto Secco,A06AB,36387,raw
Sennosidi A E B,A06AB,36387,raw
Sertaconazolo Nitrato,D01AC,36435,salt
Sertralina,N06AB,36437,raw
Setmelanotide,A08AA,2469247,raw
Sertralina Cloridrato,N06AB,36437,salt
Sevelamer,V03AE,214824,raw
Sevelamer Carbonato,V03AE,660890,raw
Sevoflurano,N01AB,36453,raw
Silimarina (Silybum Marianum L.Gaertner),A05BA,,unresolved
Sildenafil Citrato,G04BE,136411,salt
Silodosina,G04CA,720825,raw
Silicea,V03AX,,unresolved
Sildenafil,G04BE,136411,raw
Sferoidi Di Condrociti Umani  Autologhi Associati Alla Matrice,M09AX,,unresolved
Silodosin,G04CA,720825,raw
Simoctocog Alfa,B02BD,1729084,raw
Siltuximab,L04AC,1535218,raw
Simeticone,A03AX,,unresolved
Simvastatina,C10AA,36567,raw
Sinapis Nigra,V03AX,,unresolved
Sipavibart,J06BD,,unresolved
Sinecatechina,D06BB,753346,raw
Siponimod,L04AE,2121085,raw
Sirolimus,L04AH,35302,raw
Sitagliptin,A10BH,593411,raw
Sitagliptin Cloridrato Monoidrato,A10BH,593411,salt
Sitagliptin Fosfato Monoidrato,A10BH,593411,salt
Sitagliptin Fumarato,A10BH,593411,salt
Sitagliptin Malato,A10BH,593411,raw
"Smallpox And Monkeypox Vaccine, Live, Non-Replicating",J07BX,,unresolved
Sobrerolo,R05CB,36669,raw
Sodio Acetato,B05XA,56443,raw
Sodio Citrato,V07AC,,unresolved
Sodio Ascorbato,A11GA,,unresolved
Sodio Bicarbonato,B05BB,,unresolved
Sodio Diidrogeno Fosfato Diidrato,A06AG,,unresolved
Sodio Cloruro,B05BB,,unresolved
Sodio Cromoglicato,S01GX,,unresolved
Sodio Fenilbutirrato,A16AX,,unresolved
Sodio Ferrigluconato,B03AB,,unresolved
Sodio Fluoruro,A01AA,,unresolved
Sodio Indigotindisolfonato,V04CH,325514,salt
Sodio Fosfato Monobasico,A06AG,,unresolved
Sodio Fosfato Bibasico Dodecaidrato,V03AX,,unresolved
Sodio Glicerofosfato,B05XA,,unresolved
Sodio Ialuronato,S01XA,,unresolved
Sodio Lattato,B05XA,,unresolved
Sodio Ipoclorito,D08AX,,unresolved
Sodio Ossidronato,V09BA,,unresolved
Sodio Ioduro (123-I)*,V09FX,,unresolved
Sodio Ioduro 131I,V09FX,,unresolved
Sodio Molibdato (99 Mo)*,V09FX,,unresolved
Sodio Picosolfato,A06AB,33688,salt
Sodio Oxibato,N07XX,,unresolved
Sodio Seleniato Pentaidrato,A12CE,36717,salt
Sodio Pirofosfato Decaidrato,V09GA,,unresolved
Sodio Pertecnetato Tc-99M,V09FX,,unresolved
Sodio Tetradecilsolfato,C05BB,9913,salt
Sodio Polistirene Solfonato,V03AE,,unresolved
Sodio Valproato,N03AG,40254,salt
Sofosbuvir,J05AP,1484911,raw
Sodio Tiosolfato,V03AB,,unresolved
Solidago Virgaurea,V03AX,,unresolved
Solifenacina,G04BD,322167,raw
Soluzione Per Emodiafiltrazione,B05ZB,,unresolved
Solifenacina Succinato,G04BD,322167,salt
Solriamfetol,N06BA,2121751,raw
Soluzione Per Dialisi Peritoneale,B05DB,,unresolved
Soluzione Per Emofiltrazione,B05ZB,,unresolved
Soluzione Per Emodialisi,B05ZA,,unresolved
Somapacitan,H01AC,2557373,raw
Somatostatina,H01CB,9939,raw
Somatostatina Acetato,H01CB,9939,salt
Somatrogon,H01AC,2644503,raw
Somatropina,H01AC,61148,raw
Sonidegib,L01XJ,1659191,raw
Sorafenib,L01EX,495881,raw
Sorafenib Tosilato,L01EX,495881,raw
Sotalolo Cloridrato,C07AA,9947,salt
Sotatercept,C02KC,,unresolved
Sotorasib,L01XX,2550714,raw
Sparsentan,C09XX,2630535,raw
Spesolimab,L04AC,2610417,raw
Spigelia Anthelmia,V03AX,,unresolved
Spiraea Ulmaria,V03AX,,unresolved
Spironolattone,C03DA,9997,raw
Spiramicina,J01FA,9991,raw
Spongia Tosta,V03AX,,unresolved
Staphylococcinum,V03AX,,unresolved
Stannum Metallicum,V03AX,,unresolved
Staphysagria,V03AX,,unresolved
Sticta Pulmonaria,V03AX,,unresolved
Stiripentolo,N03AX,2054968,raw
Spore Di Bacillus Clausii Poliantibiotico Resistente,A07FA,,unresolved
Streptococcinum,V03AX,,unresolved
Streptozocina,L01AD,10114,raw
Strontium Carbonicum,V03AX,,unresolved
Sucralfato,A02BX,10156,raw
Sufentanil Citrato,N01AH,56795,salt
Sugemalimab,L01FF,,unresolved
Sugammadex,V03AB,1726988,raw
Sugammadex Sodium,V03AB,1726987,raw
Sulfadiazina Argentica,D06BA,,unresolved
Sulfasalazina,A07EC,9524,raw
Sulfur,V03AX,,unresolved
Sulodexide,B01AB,,unresolved
Sulfur Iodatum,V03AX,,unresolved
Sulpiride,N05AL,10239,raw
Sulprostone,G02AD,,unresolved
Sultiame,N03AX,10240,raw
Sumatriptan Succinato,N02CC,37418,salt
Sunitinib,L01EX,357977,raw
Sumatriptan,N02CC,37418,raw
Sunitinib Malato,L01EX,616275,raw
Susoctocog Alfa,B02BD,1592899,raw
Suxamethonium,M03AB,10154,raw
Sutimlimab,L04AJ,2591404,raw
Symphytum Officinale,V03AX,,unresolved
Tabacum,V03AX,,unresolved
Tabelecleucel,L01XL,1986438,raw
Tacrolimus,L04AD,42316,raw
Tacrolimus Monoidrato,L04AD,42316,salt
Tafamidis,N07XX,1545063,raw
Tadalafil,G04BE,358263,raw
Tafasitamab,L01FX,2387211,raw
Tafluprost,S01EE,1244607,raw
Tagraxofusp,L01XX,2109055,raw
Talazoparib,L01XK,2099704,raw
Talquetamab,L01FX,2644447,raw
Talidomide,L04AX,10432,raw
Talimogene Laherparepvec,L01XX,,unresolved
Tamoxifene,L02BA,10324,raw
Tamoxifene Citrato,L02BA,10324,salt
Tamsulosin Cloridrato,G04CA,77492,salt
Tapentadolo,N02AX,787390,raw
Taraxacum Officinale,V03AX,,unresolved
Tapentadolo Cloridrato,N02AX,787390,salt
Tamsulosina Cloridrato,G04CA,77492,salt
Tartarus Stibiatus,V03AX,,unresolved
Tasimelteon,N05CH,1490468,raw
Tasonermina,L03AX,283746,raw
Teclistamab,L01FX,2619426,raw
Tebentafusp,L01XX,2590743,raw
Tecnezio 99 Mtc Technegas,V09EA,,unresolved
Tecovirimat,J05AX,2055104,raw
Tedizolid Fosfato,J01XX,1540825,salt
Teduglutide,A16AX,1364468,raw
Telmisartan,C09CA,73494,raw
Teicoplanina,J01XA,57021,raw
Tegomil Fumarato,L04AX,,unresolved
Telotristat,A16AX,1872382,raw
Temoporfin,L01XD,115243,raw
Temozolomide,L01AX,37776,raw
Temsirolimus,L01EG,657797,raw
Tenecteplase,B01AD,259280,raw
Tenofovir Alafenamide,J05AF,1721603,raw
Tenoxicam,M01AC,37790,raw
Tepotinib,L01EX,2477103,raw
Tenofovir Disoproxil,J05AF,300195,raw
Terazosina,G04CA,37798,raw
Teprotumumab,L04AG,2274803,raw
Terazosina Cloridrato,G04CA,37798,salt
Terbinafina,D01BA,37801,raw
Terebinthina,V03AX,,unresolved
Terbinafina Cloridrato,D01BA,37801,salt
Terbinafine Hydrochloride,D01AE,235838,raw
Teriflunomide,L04AK,1310520,raw
Teriparatide,H05AA,32915,raw
Terlipressina,H01BA,57048,raw
Testosterone,G03BA,10379,raw
Terlipressina Acetato Idrato,H01BA,57048,salt
Testosterone Enantato,G03BA,10379,raw
Testosterone Undecanoato,G03BA,37864,raw
Testosterone Propionato,G03BA,10382,raw
Tetrabenazina,N07XX,10390,raw
Tetraciclina Base,J01AA,,unresolved
Tetraciclina Cloridrato,J01AA,10395,salt
Tetracosactide Esacetato,H01AA,2890,raw
Tetrametiltiuramdisolfuro,D08AX,,unresolved
Tetrakis (2-Metossi-Isobutil-Isonitrile) Rame Tetrafluoroborato,V09GA,,unresolved
Tetrakis(2-Metossi-2-Metilpropil-1 Isocianide)Rame(I),V09GA,,unresolved
Tetrofosmina,V09GA,,unresolved
Tetrizolina Cloridrato,S01GA,37935,salt
Teucrium Marum,V03AX,,unresolved
Tezepelumab,R03DX,2587789,raw
Thuya Lobii,V03AX,,unresolved
Thlaspi Bursa Pastoris,V03AX,,unresolved
Tiagabina,N03AG,31914,raw
Tiamfenicolo,J01BA,,unresolved
Thyroide,V03AX,,unresolved
Thuya Occidentalis,V03AX,,unresolved
Tiamazolo,H03BB,6835,raw
Tiamfenicolo Glicinato Acetilcisteinato,J01BA,,unresolved
Tiamina Cloridrato,A11DA,10454,salt
Tiapride Cloridrato,N05AL,10588,salt
Tibolone,G03CX,38260,raw
Ticagrelor,B01AC,1116632,raw
Ticlopidina Cloridrato,B01AC,10594,salt
Tigeciclina,J01AA,384455,raw
Tildrakizumab,L04AC,2053436,raw
Tilia Europaea,V03AX,,unresolved
Timololo,S01ED,10600,raw
Timololo Maleato,S01ED,10600,salt
Tilia Tomentosa,V03AX,,unresolved
Timosina Alfa 1,L03AX,,unresolved
Tinidazolo,P01AB,10612,raw
Tinzaparina Sodica,B01AB,69646,salt
Tiocolchicoside,M03BX,38085,raw
Tioconazole,D01AC,38298,raw
Tioconazolo,D01AC,38298,raw
Tioguanina,L01BB,10485,raw
Tiotepa,L01AC,10473,raw
Tiotropio Bromuro,R03BB,69120,salt
Tiotropio Bromuro Monoidrato,R03BB,69120,salt
Tipranavir,J05AE,190548,raw
Tiotropio Bromuro Anidro,R03BB,69120,salt
Tiratricolo,H03AA,13982,raw
Tirotropina,V04CJ,,unresolved
Tirbanibulina,D06BX,2471078,raw
Tirofiban,B01AC,73137,raw
Tirofiban Cloridrato Monoidrato,B01AC,73137,salt
Tirotricina,R02AB,10968,raw
Tirzepatide,A10BX,2601723,raw
Tisagenlecleucel,L01XL,1986438,raw
Tislelizumab,L01FF,2677426,raw
Tisotumab Vedotin,L01FX,2571094,raw
Tivozanib,L01EK,2534233,raw
Tizanidina,M03BX,57258,raw
Tizanidina Cloridrato,M03BX,57258,salt
Tobramicina Solfato,J01GB,10627,salt
Tobramicina,S01AA,10627,raw
Tocilizumab,L04AC,612865,raw
Tocoferolo,A11HA,159151,raw
Tofacitinib,L04AF,1357536,raw
Tofersen,N07XX,2634995,raw
Tolcapone,N04BX,72937,raw
Tolterodina Tartrato,G04BD,119565,salt
Tolvaptan,C03XA,358257,raw
Tocoferolo Acetato D-Alfa,A11HA,,unresolved
Topiramato,N03AX,38404,raw
Topotecan,L01CE,57308,raw
Topotecan Cloridrato,L01CE,57308,salt
Torasemide,C03CA,38413,raw
Toremifene,L02BA,38409,raw
Toripalimab,L01FF,2669406,raw
Tossina Botulinica,M03AX,,unresolved
Tozinameran,J07BN,2468230,raw
Trabectedin,L01CX,1716278,raw
Trabectedina,L01CX,1716278,raw
Tossina Botulinica Di Clostridium Botulinum Tipo A,M03AX,,unresolved
Tralokinumab,D11AH,2589225,raw
Tossina Botulinica Di Tipo A,M03AX,,unresolved
Tramadolo Cloridrato,N02AX,10689,salt
Tramazolina Cloridrato,R01AA,38453,salt
Trametinib,L01EE,1425099,raw
Trandolapril,C09AA,38454,raw
Trastuzumab Deruxtecan,L01FD,2267582,raw
Trastuzumab,L01FD,224905,raw
Travoprost,S01EE,283809,raw
Trastuzumab Emtansine,L01FD,1371041,raw
Trazodone,N06AX,10737,raw
Trazodone Cloridrato,N06AX,10737,salt
Tremelimumab,L01FX,2619313,raw
Treosulfan,L01AB,38508,raw
Treprostinil Sodio,B01AC,343048,salt
Tretinoina,D10AD,10753,raw
Triamcinolone Acetonide,H02AB,10761,raw
Triazolam,N05CD,10767,raw
Trientina,A16AX,10798,raw
Trientina Diidrocloruro,A16AX,10798,raw
Triesifenidile Cloridrato,N04AA,,unresolved
Trifarotene,D10AD,2205637,raw
Triiodotironina T3,V03AX,,unresolved
Trifluoperazina,N05AB,10800,raw
Trillium Pendulum,V03AX,,unresolved
Trimebutina,A03AA,10819,raw
Trimebutina Maleato,A03AA,10819,salt
Trimetazidina Dicloridrato,C01EB,10826,raw
Trimipramina,N06AA,10834,raw
Triptorelina Acetato,L02AE,38782,salt
Triptorelina,L02AE,38782,raw
Triptorelina Embonato,L02AE,38782,raw
Triticum Vulgare Pianta Intera (Triticum Vulgare) Estratto Acquoso,G02CX,,unresolved
Trometamolo,B05BB,10865,raw
Triossido Di Arsenico,L01XX,,unresolved
Tropicamide,S01FA,10869,raw
Trospio Cloruro,G04BD,236778,raw
Trospium Cloruro,G04BD,236778,raw
Troxerutina,C05CA,38893,raw
Tubercolinum,V03AX,,unresolved
Ublituximab,L04AG,2626349,raw
Tucatinib,L01EH,2361285,raw
Ubidecarenone,C01EB,21406,raw
Ulipristal,G03AD,1005921,raw
Ulipristal Acetato,G03AD,1005921,salt
Umeclidinio,R03BB,1487514,raw
Upadacitinib,L04AF,2196092,raw
Urapidil,C02CA,39230,raw
Umeclidino Bromuro,R03BB,1487514,salt
Urea 13C,V04CX,226724,raw
Urea C Tredici,V04CX,226724,raw
Urochinasi,B01AD,11055,raw
Urapidil Cloridrato,C02CA,39230,salt
Urofollitropina,G03GA,134404,raw
Urtica Dioica,V03AX,,unresolved
Urtica Urens,V03AX,,unresolved
Ustilago Maidis,V03AX,,unresolved
"Vaccino (Adsorbito) Difterico, Tetanico, Pertossico (Componente Acellulare)",J07AJ,,unresolved
"Vaccino (Adsorbito) Difterico, Tetanico, Pertossico (Componente Acellulare) E Poliomielitico (Inattivato)",J07CA,,unresolved
Ustekinumab,L04AC,847083,raw
Vaccino A Mrna Anti-Covid-19,J07BN,2470232,raw
Vaccino Anti-Difterico. Pertosse. Tetanico E Anti-Epatite B,J07CA,,unresolved
"Vaccino  Anticolerico (Vivo, Ricombinante, Orale)",J07AE,,unresolved
"Vaccino Anticovid-19 (Ricombinante, Adiuvato)",J07BN,,unresolved
Vaccino Antiinfluenzale**,J07BB,,unresolved
Vaccino Antiepatite A,J07BC,,unresolved
"Vaccino Antinfluenzale (Vivo Attenuato, Nasale)",J07BB,,unresolved
"Vaccino Antinfluenzale (Antigene Di Superficie, Inattivato, Adiuvato)",J07BB,,unresolved
"Vaccino Antinfluenzale Trivalente (Virione Split, Inattivato)",J07BB,,unresolved
"Vaccino Antinfluenzale Quadrivalente (Ricombinante, Preparato In Coltura Cellulare)",J07BB,,unresolved
"Vaccino Antinfluenzale Trivalente (Ricombinante, Preparato In Coltura Cellulare)",J07BB,,unresolved
Vaccino Antivaiolo E Antivaiolo Delle Scimmie (Virus Vaccinico Vivo Ankara Modificato),J07BX,,unresolved
Vaccino Colerico,J07AE,,unresolved
"Vaccino Coniugato Meningococcico Gruppo A,C,W,Y",J07AH,,unresolved
"Vaccino Contro Il Virus Ebola Zaire (Rvsv&#916,G Zebov Gp1,2 Vivo Attenuato)",J07BX,,unresolved
Vaccino Contro La Chikungunya (Vivo),J07BX,,unresolved
"Vaccino Contro La Pertosse (Ricombinante, Componente Acellulare, Adsorbito)",J07AJ,,unresolved
Vaccino Del Tifo Vivo Attenuato,J07AP,,unresolved
Vaccino Dell''Encefalite Giapponese (Inattivato Adsorbito),J07BA,,unresolved
Vaccino Encefalite Da Zecca Purificato E Inattivato (Ceppo Neudoerlf),J07BA,,unresolved
Vaccino Epatite B Da Dna Ricombinante,J07BC,,unresolved
Vaccino Epatitico A,J07BC,,unresolved
Vaccino Febbre Gialla Vivo,J07BL,,unresolved
Vaccino Epatitico B,J07BC,,unresolved
Vaccino Haemophilus Influenzae B Coniugato Con Tossoidetetanico,J07AG,,unresolved
"Vaccino Influenzale Pandemico (H5N1) (Vivo Attenuato, Nasale)",J07BB,,unresolved
Vaccino Influenzale  Split Inattivati,J07BB,,unresolved
Vaccino Meningite Cerebrospinale A C,J07AH,,unresolved
"Vaccino Influenzale Pandemico (H5N1) (Antigene Di Superficie, Inattivato, Adiuvato, Preparato In Colture Cellulari)",J07BB,,unresolved
"Vaccino Influenzale Zoonotico (H5N1) (Antigene Di Superficie, Inattivato, Adiuvato, Preparato In Colture Cellulari)",J07BB,,unresolved
Vaccino Meningococcico Gruppo B,J07AH,,unresolved
"Vaccino Influenzale Zoonotico (H5N1) (Antigene Di Superficie, Inattivato, Adiuvato)",J07BB,,unresolved
Vaccino Meningococcico Gruppo C Coniugato Con Tossoide Difterico,J07AH,,unresolved
"Vaccino Papillomavirus Umano (Tipi Umani 6, 11, 16, 18, 31, 33, 45, 52,58)",J07BM,,unresolved
"Vaccino Papillomavirus Umano (Tipi Umani 6,11,16,18)",J07BM,,unresolved
"Vaccino Per Il Virus Respiratorio Sinciziale (Bivalente, Ricombinante)",J07BX,,unresolved
"Vaccino Per Il Virus Respiratorio Sinciziale (Rsv) (Ricombinante, Adiuvato)",J07BX,,unresolved
"Vaccino Per L?Herpes Zoster (Ricombinante, Adiuvato",J07BK,,unresolved
Vaccino Pneumocatarrale,J07AX,,unresolved
Vaccino Pneumococcico,J07AL,,unresolved
Vaccino Pneumococcico Polisaccaridico Coniugato (13 Valente Adsorbito),J07AL,,unresolved
"Vaccino Pneumococcico Polisaccaridico Coniugato (15-Valente, Adsorbito)",J07AL,,unresolved
Vaccino Pneumococcico Polisaccaridico Coniugato (21-Valente),J07AL,,unresolved
"Vaccino Pneumococcico Polisaccaridico Coniugato (20-Valente, Adsorbito)",J07AL,,unresolved
Vaccino Poliomielitico Inattivato,J07BF,,unresolved
Vaccino Rabbico Uso Umano Da Colture Cellulari,J07BG,,unresolved
Vaccino Tetanico Adsorbito,J07AM,,unresolved
Vaccino Pneumococcico Polisaccaridico Coniugato (Adsorbito),J07AL,,unresolved
Vaccino Tifoideo,J07AP,,unresolved
"Vaccino Tetravalente Per La Dengue (Vivo, Attenuato)",J07BX,,unresolved
Vaccino Varicella Vivo,J07BK,,unresolved
Vaccino Vivo Attenuato Anti Rotavirus,J07BH,,unresolved
Vadadustat,B03XA,2679296,raw
Valaciclovir Cloridrato,J05AB,73645,salt
Valaciclovir,J05AB,73645,raw
Valaciclovir Cloridrato Monoidrato,J05AB,73645,salt
Valeriana,N05CM,253206,raw
Valeriana Officinalis,V03AX,,unresolved
Valeriana (Estratto Secco),N05CM,253206,raw
Valpromide,N03AG,23420,raw
Valganciclovir,J05AB,275891,raw
Valganciclovir Cloridrato,J05AB,275891,salt
Valsartan,C09CA,69749,raw
Vamorolone,H02AB,2669799,raw
Vancomicina,J01XA,11124,raw
Vancomicina Cloridrato,J01XA,11124,salt
Vandetanib,L01EX,1098413,raw
Vardenafil,G04BE,306674,raw
Vardenafil Cloridrato Triidrato,G04BE,306674,salt
Vardenafil Idrocloridrato,G04BE,306674,raw
Vareniclina Tartrato,N07BA,591622,salt
Vedolizumab,L04AG,1538097,raw
Velmanase Alfa,A16AB,2630725,raw
Velaglucerase Alfa,A16AB,901805,raw
Vemurafenib,L01EC,1147220,raw
Venetoclax,L01XX,1747556,raw
Verapamil Cloridrato,C08DA,11170,salt
Veratrum Album,V03AX,,unresolved
Venlafaxina Cloridrato,N06AX,39786,salt
Venlafaxina,N06AX,39786,raw
Vernakalant,C01BG,,unresolved
Veratrum Viride,V03AX,,unresolved
Verbascum,V03AX,,unresolved
Verbena Officinalis,V03AX,,unresolved
Verde Indocianina,V04CX,,unresolved
Vericiguat,C01DX,2475830,raw
Vestronidasi Alfa,A16AB,1989819,raw
Verteporfina,S01LA,118886,raw
Vibegron,G04BD,2472254,raw
Viburnum Opulus,V03AX,,unresolved
Vildagliptin,A10BH,596554,raw
Vigabatrin,N03AG,14851,raw
Vimseltinib,L01EX,2705378,raw
Vilobelimab,L04AJ,2639620,raw
Vinblastina Solfato,L01CA,11198,salt
Vincetoxicum,V03AX,,unresolved
Vincristina Solfato,L01CA,11202,salt
Vindesina Solfato,L01CA,11204,salt
Vinflunine,L01CA,,unresolved
Vinorelbina,L01CA,39541,raw
Vinorelbina Tartrato,L01CA,39541,salt
Viola Odorata,V03AX,,unresolved
Viola Tricolor,V03AX,,unresolved
Virus Della Varicella Vivo Attenuato(Ceppo Oka),J07BK,1292422,raw
Viscum Album,V03AX,,unresolved
Vismodegib,L01XJ,1242987,raw
Voclosporina,L04AD,2475166,raw
Vonicog Alfa,B02BD,,unresolved
Vorasidenib,L01XM,2690647,raw
Volanesorsen Sodico,C10AX,2637345,salt
Voretigene Neparvovec,S01XA,1995537,raw
Voriconazolo,J02AC,121243,raw
Vortioxetina,N06AX,1455099,raw
"Vortioxetina (D,L)-Lattato",N06AX,7500,raw
Vortioxetina Bromidrato,N06AX,1455099,raw
Vosoritide,M05BX,2586354,raw
Voxelotor,B06AX,2265678,raw
Vutrisiran,N07XX,2604578,raw
Warfarin Sodico,B01AA,11289,salt
Xibornolo,R02AB,,unresolved
Xilene,S02DC,,unresolved
Zafferano,V03AX,,unresolved
Xilometazolina,R01AA,39841,raw
Xilometazolina Cloridrato,R01AA,39841,salt
Zapomeran,J07BX,,unresolved
Zanamivir,J05AH,69722,raw
Zanidatamab,L01FD,2698198,raw
Zanubrutinib,L01EL,2262435,raw
Ziconotide,N02BG,68503,raw
Zidovudina,J05AF,11413,raw
Zilucoplan,L04AJ,2672489,raw
Zinco,A16AX,,unresolved
Zincum Metallicum,V03AX,,unresolved
Zincum Phosphoricum,V03AX,,unresolved
Zincum Sulfuricum,V03AX,,unresolved
Zincum Valerianicum,V03AX,,unresolved
Ziprasidone,N05AE,115698,raw
Zofenopril Calcio,C09AA,39990,salt
Zinco Solfato,A12CB,,unresolved
Zolfo Esafluoruro,V08DA,,unresolved
Zoledronic Acid,M05BA,77655,raw
Zolbetuximab,L01FX,2695869,raw
Zolmitriptan,N02CC,135775,raw
Zolpidem Tartrato,N05CF,39993,salt
Zolpidem,N05CF,39993,raw
Zona Cutanea Pilo Sebacea,V03AX,,unresolved
Zonisamide,N03AX,39998,raw
Zopiclone,N05CF,40001,raw
Zuclopentixolo Acetato,N05AF,114176,salt
Zuclopentixolo Dicloridrato,N05AF,114176,raw
Zuclopentixolo Decanoato,N05AF,58339,raw
[18F]Psma-1007,V09IX,2586016,raw
Zuranolone,N06AX,2669905,raw
